scenario_name,run_number,round,agent_id,move,payoff,strategy
ChrisTesting3AgentsTrialsNo3,5,0,0,cooperate,3.0,wolf_phc
ChrisTesting3AgentsTrialsNo3,5,0,1,cooperate,3.0,wolf_phc
ChrisTesting3AgentsTrialsNo3,5,0,2,cooperate,3.0,wolf_phc
ChrisTesting3AgentsTrialsNo3,5,1,0,cooperate,3.0,wolf_phc
ChrisTesting3AgentsTrialsNo3,5,1,1,cooperate,3.0,wolf_phc
ChrisTesting3AgentsTrialsNo3,5,1,2,cooperate,3.0,wolf_phc
ChrisTesting3AgentsTrialsNo3,5,2,0,defect,5.0,wolf_phc
ChrisTesting3AgentsTrialsNo3,5,2,1,cooperate,1.5,wolf_phc
ChrisTesting3AgentsTrialsNo3,5,2,2,cooperate,1.5,wolf_phc
ChrisTesting3AgentsTrialsNo3,5,3,0,defect,5.0,wolf_phc
ChrisTesting3AgentsTrialsNo3,5,3,1,cooperate,1.5,wolf_phc
ChrisTesting3AgentsTrialsNo3,5,3,2,cooperate,1.5,wolf_phc
ChrisTesting3AgentsTrialsNo3,5,4,0,defect,5.0,wolf_phc
ChrisTesting3AgentsTrialsNo3,5,4,1,cooperate,1.5,wolf_phc
ChrisTesting3AgentsTrialsNo3,5,4,2,cooperate,1.5,wolf_phc
ChrisTesting3AgentsTrialsNo3,5,5,0,defect,5.0,wolf_phc
ChrisTesting3AgentsTrialsNo3,5,5,1,cooperate,1.5,wolf_phc
ChrisTesting3AgentsTrialsNo3,5,5,2,cooperate,1.5,wolf_phc
ChrisTesting3AgentsTrialsNo3,5,6,0,defect,5.0,wolf_phc
ChrisTesting3AgentsTrialsNo3,5,6,1,cooperate,1.5,wolf_phc
ChrisTesting3AgentsTrialsNo3,5,6,2,cooperate,1.5,wolf_phc
ChrisTesting3AgentsTrialsNo3,5,7,0,defect,5.0,wolf_phc
ChrisTesting3AgentsTrialsNo3,5,7,1,cooperate,1.5,wolf_phc
ChrisTesting3AgentsTrialsNo3,5,7,2,cooperate,1.5,wolf_phc
ChrisTesting3AgentsTrialsNo3,5,8,0,defect,5.0,wolf_phc
ChrisTesting3AgentsTrialsNo3,5,8,1,cooperate,1.5,wolf_phc
ChrisTesting3AgentsTrialsNo3,5,8,2,cooperate,1.5,wolf_phc
ChrisTesting3AgentsTrialsNo3,5,9,0,cooperate,3.0,wolf_phc
ChrisTesting3AgentsTrialsNo3,5,9,1,cooperate,3.0,wolf_phc
ChrisTesting3AgentsTrialsNo3,5,9,2,cooperate,3.0,wolf_phc
ChrisTesting3AgentsTrialsNo3,5,10,0,defect,5.0,wolf_phc
ChrisTesting3AgentsTrialsNo3,5,10,1,cooperate,1.5,wolf_phc
ChrisTesting3AgentsTrialsNo3,5,10,2,cooperate,1.5,wolf_phc
ChrisTesting3AgentsTrialsNo3,5,11,0,defect,5.0,wolf_phc
ChrisTesting3AgentsTrialsNo3,5,11,1,cooperate,1.5,wolf_phc
ChrisTesting3AgentsTrialsNo3,5,11,2,cooperate,1.5,wolf_phc
ChrisTesting3AgentsTrialsNo3,5,12,0,defect,5.0,wolf_phc
ChrisTesting3AgentsTrialsNo3,5,12,1,cooperate,1.5,wolf_phc
ChrisTesting3AgentsTrialsNo3,5,12,2,cooperate,1.5,wolf_phc
ChrisTesting3AgentsTrialsNo3,5,13,0,defect,3.0,wolf_phc
ChrisTesting3AgentsTrialsNo3,5,13,1,defect,3.0,wolf_phc
ChrisTesting3AgentsTrialsNo3,5,13,2,cooperate,0.0,wolf_phc
ChrisTesting3AgentsTrialsNo3,5,14,0,cooperate,3.0,wolf_phc
ChrisTesting3AgentsTrialsNo3,5,14,1,cooperate,3.0,wolf_phc
ChrisTesting3AgentsTrialsNo3,5,14,2,cooperate,3.0,wolf_phc
ChrisTesting3AgentsTrialsNo3,5,15,0,defect,3.0,wolf_phc
ChrisTesting3AgentsTrialsNo3,5,15,1,defect,3.0,wolf_phc
ChrisTesting3AgentsTrialsNo3,5,15,2,cooperate,0.0,wolf_phc
ChrisTesting3AgentsTrialsNo3,5,16,0,cooperate,3.0,wolf_phc
ChrisTesting3AgentsTrialsNo3,5,16,1,cooperate,3.0,wolf_phc
ChrisTesting3AgentsTrialsNo3,5,16,2,cooperate,3.0,wolf_phc
ChrisTesting3AgentsTrialsNo3,5,17,0,defect,5.0,wolf_phc
ChrisTesting3AgentsTrialsNo3,5,17,1,cooperate,1.5,wolf_phc
ChrisTesting3AgentsTrialsNo3,5,17,2,cooperate,1.5,wolf_phc
ChrisTesting3AgentsTrialsNo3,5,18,0,defect,5.0,wolf_phc
ChrisTesting3AgentsTrialsNo3,5,18,1,cooperate,1.5,wolf_phc
ChrisTesting3AgentsTrialsNo3,5,18,2,cooperate,1.5,wolf_phc
ChrisTesting3AgentsTrialsNo3,5,19,0,defect,5.0,wolf_phc
ChrisTesting3AgentsTrialsNo3,5,19,1,cooperate,1.5,wolf_phc
ChrisTesting3AgentsTrialsNo3,5,19,2,cooperate,1.5,wolf_phc
ChrisTesting3AgentsTrialsNo3,5,20,0,defect,5.0,wolf_phc
ChrisTesting3AgentsTrialsNo3,5,20,1,cooperate,1.5,wolf_phc
ChrisTesting3AgentsTrialsNo3,5,20,2,cooperate,1.5,wolf_phc
ChrisTesting3AgentsTrialsNo3,5,21,0,defect,5.0,wolf_phc
ChrisTesting3AgentsTrialsNo3,5,21,1,cooperate,1.5,wolf_phc
ChrisTesting3AgentsTrialsNo3,5,21,2,cooperate,1.5,wolf_phc
ChrisTesting3AgentsTrialsNo3,5,22,0,defect,5.0,wolf_phc
ChrisTesting3AgentsTrialsNo3,5,22,1,cooperate,1.5,wolf_phc
ChrisTesting3AgentsTrialsNo3,5,22,2,cooperate,1.5,wolf_phc
ChrisTesting3AgentsTrialsNo3,5,23,0,defect,5.0,wolf_phc
ChrisTesting3AgentsTrialsNo3,5,23,1,cooperate,1.5,wolf_phc
ChrisTesting3AgentsTrialsNo3,5,23,2,cooperate,1.5,wolf_phc
ChrisTesting3AgentsTrialsNo3,5,24,0,defect,5.0,wolf_phc
ChrisTesting3AgentsTrialsNo3,5,24,1,cooperate,1.5,wolf_phc
ChrisTesting3AgentsTrialsNo3,5,24,2,cooperate,1.5,wolf_phc
ChrisTesting3AgentsTrialsNo3,5,25,0,defect,5.0,wolf_phc
ChrisTesting3AgentsTrialsNo3,5,25,1,cooperate,1.5,wolf_phc
ChrisTesting3AgentsTrialsNo3,5,25,2,cooperate,1.5,wolf_phc
ChrisTesting3AgentsTrialsNo3,5,26,0,defect,5.0,wolf_phc
ChrisTesting3AgentsTrialsNo3,5,26,1,cooperate,1.5,wolf_phc
ChrisTesting3AgentsTrialsNo3,5,26,2,cooperate,1.5,wolf_phc
ChrisTesting3AgentsTrialsNo3,5,27,0,defect,5.0,wolf_phc
ChrisTesting3AgentsTrialsNo3,5,27,1,cooperate,1.5,wolf_phc
ChrisTesting3AgentsTrialsNo3,5,27,2,cooperate,1.5,wolf_phc
ChrisTesting3AgentsTrialsNo3,5,28,0,defect,5.0,wolf_phc
ChrisTesting3AgentsTrialsNo3,5,28,1,cooperate,1.5,wolf_phc
ChrisTesting3AgentsTrialsNo3,5,28,2,cooperate,1.5,wolf_phc
ChrisTesting3AgentsTrialsNo3,5,29,0,defect,5.0,wolf_phc
ChrisTesting3AgentsTrialsNo3,5,29,1,cooperate,1.5,wolf_phc
ChrisTesting3AgentsTrialsNo3,5,29,2,cooperate,1.5,wolf_phc
ChrisTesting3AgentsTrialsNo3,5,30,0,defect,5.0,wolf_phc
ChrisTesting3AgentsTrialsNo3,5,30,1,cooperate,1.5,wolf_phc
ChrisTesting3AgentsTrialsNo3,5,30,2,cooperate,1.5,wolf_phc
ChrisTesting3AgentsTrialsNo3,5,31,0,defect,5.0,wolf_phc
ChrisTesting3AgentsTrialsNo3,5,31,1,cooperate,1.5,wolf_phc
ChrisTesting3AgentsTrialsNo3,5,31,2,cooperate,1.5,wolf_phc
ChrisTesting3AgentsTrialsNo3,5,32,0,defect,5.0,wolf_phc
ChrisTesting3AgentsTrialsNo3,5,32,1,cooperate,1.5,wolf_phc
ChrisTesting3AgentsTrialsNo3,5,32,2,cooperate,1.5,wolf_phc
ChrisTesting3AgentsTrialsNo3,5,33,0,defect,5.0,wolf_phc
ChrisTesting3AgentsTrialsNo3,5,33,1,cooperate,1.5,wolf_phc
ChrisTesting3AgentsTrialsNo3,5,33,2,cooperate,1.5,wolf_phc
ChrisTesting3AgentsTrialsNo3,5,34,0,defect,5.0,wolf_phc
ChrisTesting3AgentsTrialsNo3,5,34,1,cooperate,1.5,wolf_phc
ChrisTesting3AgentsTrialsNo3,5,34,2,cooperate,1.5,wolf_phc
ChrisTesting3AgentsTrialsNo3,5,35,0,defect,5.0,wolf_phc
ChrisTesting3AgentsTrialsNo3,5,35,1,cooperate,1.5,wolf_phc
ChrisTesting3AgentsTrialsNo3,5,35,2,cooperate,1.5,wolf_phc
ChrisTesting3AgentsTrialsNo3,5,36,0,defect,5.0,wolf_phc
ChrisTesting3AgentsTrialsNo3,5,36,1,cooperate,1.5,wolf_phc
ChrisTesting3AgentsTrialsNo3,5,36,2,cooperate,1.5,wolf_phc
ChrisTesting3AgentsTrialsNo3,5,37,0,defect,5.0,wolf_phc
ChrisTesting3AgentsTrialsNo3,5,37,1,cooperate,1.5,wolf_phc
ChrisTesting3AgentsTrialsNo3,5,37,2,cooperate,1.5,wolf_phc
ChrisTesting3AgentsTrialsNo3,5,38,0,defect,5.0,wolf_phc
ChrisTesting3AgentsTrialsNo3,5,38,1,cooperate,1.5,wolf_phc
ChrisTesting3AgentsTrialsNo3,5,38,2,cooperate,1.5,wolf_phc
ChrisTesting3AgentsTrialsNo3,5,39,0,defect,5.0,wolf_phc
ChrisTesting3AgentsTrialsNo3,5,39,1,cooperate,1.5,wolf_phc
ChrisTesting3AgentsTrialsNo3,5,39,2,cooperate,1.5,wolf_phc
ChrisTesting3AgentsTrialsNo3,5,40,0,defect,5.0,wolf_phc
ChrisTesting3AgentsTrialsNo3,5,40,1,cooperate,1.5,wolf_phc
ChrisTesting3AgentsTrialsNo3,5,40,2,cooperate,1.5,wolf_phc
ChrisTesting3AgentsTrialsNo3,5,41,0,defect,5.0,wolf_phc
ChrisTesting3AgentsTrialsNo3,5,41,1,cooperate,1.5,wolf_phc
ChrisTesting3AgentsTrialsNo3,5,41,2,cooperate,1.5,wolf_phc
ChrisTesting3AgentsTrialsNo3,5,42,0,defect,5.0,wolf_phc
ChrisTesting3AgentsTrialsNo3,5,42,1,cooperate,1.5,wolf_phc
ChrisTesting3AgentsTrialsNo3,5,42,2,cooperate,1.5,wolf_phc
ChrisTesting3AgentsTrialsNo3,5,43,0,defect,5.0,wolf_phc
ChrisTesting3AgentsTrialsNo3,5,43,1,cooperate,1.5,wolf_phc
ChrisTesting3AgentsTrialsNo3,5,43,2,cooperate,1.5,wolf_phc
ChrisTesting3AgentsTrialsNo3,5,44,0,defect,5.0,wolf_phc
ChrisTesting3AgentsTrialsNo3,5,44,1,cooperate,1.5,wolf_phc
ChrisTesting3AgentsTrialsNo3,5,44,2,cooperate,1.5,wolf_phc
ChrisTesting3AgentsTrialsNo3,5,45,0,defect,3.0,wolf_phc
ChrisTesting3AgentsTrialsNo3,5,45,1,cooperate,0.0,wolf_phc
ChrisTesting3AgentsTrialsNo3,5,45,2,defect,3.0,wolf_phc
ChrisTesting3AgentsTrialsNo3,5,46,0,cooperate,3.0,wolf_phc
ChrisTesting3AgentsTrialsNo3,5,46,1,cooperate,3.0,wolf_phc
ChrisTesting3AgentsTrialsNo3,5,46,2,cooperate,3.0,wolf_phc
ChrisTesting3AgentsTrialsNo3,5,47,0,defect,5.0,wolf_phc
ChrisTesting3AgentsTrialsNo3,5,47,1,cooperate,1.5,wolf_phc
ChrisTesting3AgentsTrialsNo3,5,47,2,cooperate,1.5,wolf_phc
ChrisTesting3AgentsTrialsNo3,5,48,0,defect,5.0,wolf_phc
ChrisTesting3AgentsTrialsNo3,5,48,1,cooperate,1.5,wolf_phc
ChrisTesting3AgentsTrialsNo3,5,48,2,cooperate,1.5,wolf_phc
ChrisTesting3AgentsTrialsNo3,5,49,0,defect,3.0,wolf_phc
ChrisTesting3AgentsTrialsNo3,5,49,1,defect,3.0,wolf_phc
ChrisTesting3AgentsTrialsNo3,5,49,2,cooperate,0.0,wolf_phc
ChrisTesting3AgentsTrialsNo3,5,50,0,cooperate,3.0,wolf_phc
ChrisTesting3AgentsTrialsNo3,5,50,1,cooperate,3.0,wolf_phc
ChrisTesting3AgentsTrialsNo3,5,50,2,cooperate,3.0,wolf_phc
ChrisTesting3AgentsTrialsNo3,5,51,0,defect,5.0,wolf_phc
ChrisTesting3AgentsTrialsNo3,5,51,1,cooperate,1.5,wolf_phc
ChrisTesting3AgentsTrialsNo3,5,51,2,cooperate,1.5,wolf_phc
ChrisTesting3AgentsTrialsNo3,5,52,0,defect,5.0,wolf_phc
ChrisTesting3AgentsTrialsNo3,5,52,1,cooperate,1.5,wolf_phc
ChrisTesting3AgentsTrialsNo3,5,52,2,cooperate,1.5,wolf_phc
ChrisTesting3AgentsTrialsNo3,5,53,0,defect,5.0,wolf_phc
ChrisTesting3AgentsTrialsNo3,5,53,1,cooperate,1.5,wolf_phc
ChrisTesting3AgentsTrialsNo3,5,53,2,cooperate,1.5,wolf_phc
ChrisTesting3AgentsTrialsNo3,5,54,0,defect,5.0,wolf_phc
ChrisTesting3AgentsTrialsNo3,5,54,1,cooperate,1.5,wolf_phc
ChrisTesting3AgentsTrialsNo3,5,54,2,cooperate,1.5,wolf_phc
ChrisTesting3AgentsTrialsNo3,5,55,0,defect,5.0,wolf_phc
ChrisTesting3AgentsTrialsNo3,5,55,1,cooperate,1.5,wolf_phc
ChrisTesting3AgentsTrialsNo3,5,55,2,cooperate,1.5,wolf_phc
ChrisTesting3AgentsTrialsNo3,5,56,0,defect,5.0,wolf_phc
ChrisTesting3AgentsTrialsNo3,5,56,1,cooperate,1.5,wolf_phc
ChrisTesting3AgentsTrialsNo3,5,56,2,cooperate,1.5,wolf_phc
ChrisTesting3AgentsTrialsNo3,5,57,0,defect,5.0,wolf_phc
ChrisTesting3AgentsTrialsNo3,5,57,1,cooperate,1.5,wolf_phc
ChrisTesting3AgentsTrialsNo3,5,57,2,cooperate,1.5,wolf_phc
ChrisTesting3AgentsTrialsNo3,5,58,0,defect,5.0,wolf_phc
ChrisTesting3AgentsTrialsNo3,5,58,1,cooperate,1.5,wolf_phc
ChrisTesting3AgentsTrialsNo3,5,58,2,cooperate,1.5,wolf_phc
ChrisTesting3AgentsTrialsNo3,5,59,0,defect,5.0,wolf_phc
ChrisTesting3AgentsTrialsNo3,5,59,1,cooperate,1.5,wolf_phc
ChrisTesting3AgentsTrialsNo3,5,59,2,cooperate,1.5,wolf_phc
ChrisTesting3AgentsTrialsNo3,5,60,0,defect,5.0,wolf_phc
ChrisTesting3AgentsTrialsNo3,5,60,1,cooperate,1.5,wolf_phc
ChrisTesting3AgentsTrialsNo3,5,60,2,cooperate,1.5,wolf_phc
ChrisTesting3AgentsTrialsNo3,5,61,0,defect,5.0,wolf_phc
ChrisTesting3AgentsTrialsNo3,5,61,1,cooperate,1.5,wolf_phc
ChrisTesting3AgentsTrialsNo3,5,61,2,cooperate,1.5,wolf_phc
ChrisTesting3AgentsTrialsNo3,5,62,0,defect,5.0,wolf_phc
ChrisTesting3AgentsTrialsNo3,5,62,1,cooperate,1.5,wolf_phc
ChrisTesting3AgentsTrialsNo3,5,62,2,cooperate,1.5,wolf_phc
ChrisTesting3AgentsTrialsNo3,5,63,0,defect,5.0,wolf_phc
ChrisTesting3AgentsTrialsNo3,5,63,1,cooperate,1.5,wolf_phc
ChrisTesting3AgentsTrialsNo3,5,63,2,cooperate,1.5,wolf_phc
ChrisTesting3AgentsTrialsNo3,5,64,0,defect,5.0,wolf_phc
ChrisTesting3AgentsTrialsNo3,5,64,1,cooperate,1.5,wolf_phc
ChrisTesting3AgentsTrialsNo3,5,64,2,cooperate,1.5,wolf_phc
ChrisTesting3AgentsTrialsNo3,5,65,0,defect,5.0,wolf_phc
ChrisTesting3AgentsTrialsNo3,5,65,1,cooperate,1.5,wolf_phc
ChrisTesting3AgentsTrialsNo3,5,65,2,cooperate,1.5,wolf_phc
ChrisTesting3AgentsTrialsNo3,5,66,0,defect,5.0,wolf_phc
ChrisTesting3AgentsTrialsNo3,5,66,1,cooperate,1.5,wolf_phc
ChrisTesting3AgentsTrialsNo3,5,66,2,cooperate,1.5,wolf_phc
ChrisTesting3AgentsTrialsNo3,5,67,0,defect,5.0,wolf_phc
ChrisTesting3AgentsTrialsNo3,5,67,1,cooperate,1.5,wolf_phc
ChrisTesting3AgentsTrialsNo3,5,67,2,cooperate,1.5,wolf_phc
ChrisTesting3AgentsTrialsNo3,5,68,0,defect,5.0,wolf_phc
ChrisTesting3AgentsTrialsNo3,5,68,1,cooperate,1.5,wolf_phc
ChrisTesting3AgentsTrialsNo3,5,68,2,cooperate,1.5,wolf_phc
ChrisTesting3AgentsTrialsNo3,5,69,0,defect,5.0,wolf_phc
ChrisTesting3AgentsTrialsNo3,5,69,1,cooperate,1.5,wolf_phc
ChrisTesting3AgentsTrialsNo3,5,69,2,cooperate,1.5,wolf_phc
ChrisTesting3AgentsTrialsNo3,5,70,0,defect,5.0,wolf_phc
ChrisTesting3AgentsTrialsNo3,5,70,1,cooperate,1.5,wolf_phc
ChrisTesting3AgentsTrialsNo3,5,70,2,cooperate,1.5,wolf_phc
ChrisTesting3AgentsTrialsNo3,5,71,0,defect,5.0,wolf_phc
ChrisTesting3AgentsTrialsNo3,5,71,1,cooperate,1.5,wolf_phc
ChrisTesting3AgentsTrialsNo3,5,71,2,cooperate,1.5,wolf_phc
ChrisTesting3AgentsTrialsNo3,5,72,0,defect,5.0,wolf_phc
ChrisTesting3AgentsTrialsNo3,5,72,1,cooperate,1.5,wolf_phc
ChrisTesting3AgentsTrialsNo3,5,72,2,cooperate,1.5,wolf_phc
ChrisTesting3AgentsTrialsNo3,5,73,0,defect,5.0,wolf_phc
ChrisTesting3AgentsTrialsNo3,5,73,1,cooperate,1.5,wolf_phc
ChrisTesting3AgentsTrialsNo3,5,73,2,cooperate,1.5,wolf_phc
ChrisTesting3AgentsTrialsNo3,5,74,0,defect,5.0,wolf_phc
ChrisTesting3AgentsTrialsNo3,5,74,1,cooperate,1.5,wolf_phc
ChrisTesting3AgentsTrialsNo3,5,74,2,cooperate,1.5,wolf_phc
ChrisTesting3AgentsTrialsNo3,5,75,0,defect,5.0,wolf_phc
ChrisTesting3AgentsTrialsNo3,5,75,1,cooperate,1.5,wolf_phc
ChrisTesting3AgentsTrialsNo3,5,75,2,cooperate,1.5,wolf_phc
ChrisTesting3AgentsTrialsNo3,5,76,0,defect,5.0,wolf_phc
ChrisTesting3AgentsTrialsNo3,5,76,1,cooperate,1.5,wolf_phc
ChrisTesting3AgentsTrialsNo3,5,76,2,cooperate,1.5,wolf_phc
ChrisTesting3AgentsTrialsNo3,5,77,0,defect,5.0,wolf_phc
ChrisTesting3AgentsTrialsNo3,5,77,1,cooperate,1.5,wolf_phc
ChrisTesting3AgentsTrialsNo3,5,77,2,cooperate,1.5,wolf_phc
ChrisTesting3AgentsTrialsNo3,5,78,0,defect,5.0,wolf_phc
ChrisTesting3AgentsTrialsNo3,5,78,1,cooperate,1.5,wolf_phc
ChrisTesting3AgentsTrialsNo3,5,78,2,cooperate,1.5,wolf_phc
ChrisTesting3AgentsTrialsNo3,5,79,0,defect,5.0,wolf_phc
ChrisTesting3AgentsTrialsNo3,5,79,1,cooperate,1.5,wolf_phc
ChrisTesting3AgentsTrialsNo3,5,79,2,cooperate,1.5,wolf_phc
ChrisTesting3AgentsTrialsNo3,5,80,0,defect,5.0,wolf_phc
ChrisTesting3AgentsTrialsNo3,5,80,1,cooperate,1.5,wolf_phc
ChrisTesting3AgentsTrialsNo3,5,80,2,cooperate,1.5,wolf_phc
ChrisTesting3AgentsTrialsNo3,5,81,0,defect,3.0,wolf_phc
ChrisTesting3AgentsTrialsNo3,5,81,1,cooperate,0.0,wolf_phc
ChrisTesting3AgentsTrialsNo3,5,81,2,defect,3.0,wolf_phc
ChrisTesting3AgentsTrialsNo3,5,82,0,cooperate,3.0,wolf_phc
ChrisTesting3AgentsTrialsNo3,5,82,1,cooperate,3.0,wolf_phc
ChrisTesting3AgentsTrialsNo3,5,82,2,cooperate,3.0,wolf_phc
ChrisTesting3AgentsTrialsNo3,5,83,0,defect,5.0,wolf_phc
ChrisTesting3AgentsTrialsNo3,5,83,1,cooperate,1.5,wolf_phc
ChrisTesting3AgentsTrialsNo3,5,83,2,cooperate,1.5,wolf_phc
ChrisTesting3AgentsTrialsNo3,5,84,0,defect,5.0,wolf_phc
ChrisTesting3AgentsTrialsNo3,5,84,1,cooperate,1.5,wolf_phc
ChrisTesting3AgentsTrialsNo3,5,84,2,cooperate,1.5,wolf_phc
ChrisTesting3AgentsTrialsNo3,5,85,0,defect,5.0,wolf_phc
ChrisTesting3AgentsTrialsNo3,5,85,1,cooperate,1.5,wolf_phc
ChrisTesting3AgentsTrialsNo3,5,85,2,cooperate,1.5,wolf_phc
ChrisTesting3AgentsTrialsNo3,5,86,0,defect,5.0,wolf_phc
ChrisTesting3AgentsTrialsNo3,5,86,1,cooperate,1.5,wolf_phc
ChrisTesting3AgentsTrialsNo3,5,86,2,cooperate,1.5,wolf_phc
ChrisTesting3AgentsTrialsNo3,5,87,0,defect,5.0,wolf_phc
ChrisTesting3AgentsTrialsNo3,5,87,1,cooperate,1.5,wolf_phc
ChrisTesting3AgentsTrialsNo3,5,87,2,cooperate,1.5,wolf_phc
ChrisTesting3AgentsTrialsNo3,5,88,0,defect,5.0,wolf_phc
ChrisTesting3AgentsTrialsNo3,5,88,1,cooperate,1.5,wolf_phc
ChrisTesting3AgentsTrialsNo3,5,88,2,cooperate,1.5,wolf_phc
ChrisTesting3AgentsTrialsNo3,5,89,0,defect,5.0,wolf_phc
ChrisTesting3AgentsTrialsNo3,5,89,1,cooperate,1.5,wolf_phc
ChrisTesting3AgentsTrialsNo3,5,89,2,cooperate,1.5,wolf_phc
ChrisTesting3AgentsTrialsNo3,5,90,0,defect,5.0,wolf_phc
ChrisTesting3AgentsTrialsNo3,5,90,1,cooperate,1.5,wolf_phc
ChrisTesting3AgentsTrialsNo3,5,90,2,cooperate,1.5,wolf_phc
ChrisTesting3AgentsTrialsNo3,5,91,0,defect,5.0,wolf_phc
ChrisTesting3AgentsTrialsNo3,5,91,1,cooperate,1.5,wolf_phc
ChrisTesting3AgentsTrialsNo3,5,91,2,cooperate,1.5,wolf_phc
ChrisTesting3AgentsTrialsNo3,5,92,0,defect,5.0,wolf_phc
ChrisTesting3AgentsTrialsNo3,5,92,1,cooperate,1.5,wolf_phc
ChrisTesting3AgentsTrialsNo3,5,92,2,cooperate,1.5,wolf_phc
ChrisTesting3AgentsTrialsNo3,5,93,0,defect,5.0,wolf_phc
ChrisTesting3AgentsTrialsNo3,5,93,1,cooperate,1.5,wolf_phc
ChrisTesting3AgentsTrialsNo3,5,93,2,cooperate,1.5,wolf_phc
ChrisTesting3AgentsTrialsNo3,5,94,0,defect,5.0,wolf_phc
ChrisTesting3AgentsTrialsNo3,5,94,1,cooperate,1.5,wolf_phc
ChrisTesting3AgentsTrialsNo3,5,94,2,cooperate,1.5,wolf_phc
ChrisTesting3AgentsTrialsNo3,5,95,0,defect,5.0,wolf_phc
ChrisTesting3AgentsTrialsNo3,5,95,1,cooperate,1.5,wolf_phc
ChrisTesting3AgentsTrialsNo3,5,95,2,cooperate,1.5,wolf_phc
ChrisTesting3AgentsTrialsNo3,5,96,0,defect,5.0,wolf_phc
ChrisTesting3AgentsTrialsNo3,5,96,1,cooperate,1.5,wolf_phc
ChrisTesting3AgentsTrialsNo3,5,96,2,cooperate,1.5,wolf_phc
ChrisTesting3AgentsTrialsNo3,5,97,0,defect,5.0,wolf_phc
ChrisTesting3AgentsTrialsNo3,5,97,1,cooperate,1.5,wolf_phc
ChrisTesting3AgentsTrialsNo3,5,97,2,cooperate,1.5,wolf_phc
ChrisTesting3AgentsTrialsNo3,5,98,0,defect,5.0,wolf_phc
ChrisTesting3AgentsTrialsNo3,5,98,1,cooperate,1.5,wolf_phc
ChrisTesting3AgentsTrialsNo3,5,98,2,cooperate,1.5,wolf_phc
ChrisTesting3AgentsTrialsNo3,5,99,0,defect,5.0,wolf_phc
ChrisTesting3AgentsTrialsNo3,5,99,1,cooperate,1.5,wolf_phc
ChrisTesting3AgentsTrialsNo3,5,99,2,cooperate,1.5,wolf_phc
ChrisTesting3AgentsTrialsNo3,5,100,0,defect,5.0,wolf_phc
ChrisTesting3AgentsTrialsNo3,5,100,1,cooperate,1.5,wolf_phc
ChrisTesting3AgentsTrialsNo3,5,100,2,cooperate,1.5,wolf_phc
ChrisTesting3AgentsTrialsNo3,5,101,0,defect,5.0,wolf_phc
ChrisTesting3AgentsTrialsNo3,5,101,1,cooperate,1.5,wolf_phc
ChrisTesting3AgentsTrialsNo3,5,101,2,cooperate,1.5,wolf_phc
ChrisTesting3AgentsTrialsNo3,5,102,0,defect,5.0,wolf_phc
ChrisTesting3AgentsTrialsNo3,5,102,1,cooperate,1.5,wolf_phc
ChrisTesting3AgentsTrialsNo3,5,102,2,cooperate,1.5,wolf_phc
ChrisTesting3AgentsTrialsNo3,5,103,0,cooperate,3.0,wolf_phc
ChrisTesting3AgentsTrialsNo3,5,103,1,cooperate,3.0,wolf_phc
ChrisTesting3AgentsTrialsNo3,5,103,2,cooperate,3.0,wolf_phc
ChrisTesting3AgentsTrialsNo3,5,104,0,defect,5.0,wolf_phc
ChrisTesting3AgentsTrialsNo3,5,104,1,cooperate,1.5,wolf_phc
ChrisTesting3AgentsTrialsNo3,5,104,2,cooperate,1.5,wolf_phc
ChrisTesting3AgentsTrialsNo3,5,105,0,defect,5.0,wolf_phc
ChrisTesting3AgentsTrialsNo3,5,105,1,cooperate,1.5,wolf_phc
ChrisTesting3AgentsTrialsNo3,5,105,2,cooperate,1.5,wolf_phc
ChrisTesting3AgentsTrialsNo3,5,106,0,defect,5.0,wolf_phc
ChrisTesting3AgentsTrialsNo3,5,106,1,cooperate,1.5,wolf_phc
ChrisTesting3AgentsTrialsNo3,5,106,2,cooperate,1.5,wolf_phc
ChrisTesting3AgentsTrialsNo3,5,107,0,defect,5.0,wolf_phc
ChrisTesting3AgentsTrialsNo3,5,107,1,cooperate,1.5,wolf_phc
ChrisTesting3AgentsTrialsNo3,5,107,2,cooperate,1.5,wolf_phc
ChrisTesting3AgentsTrialsNo3,5,108,0,defect,5.0,wolf_phc
ChrisTesting3AgentsTrialsNo3,5,108,1,cooperate,1.5,wolf_phc
ChrisTesting3AgentsTrialsNo3,5,108,2,cooperate,1.5,wolf_phc
ChrisTesting3AgentsTrialsNo3,5,109,0,defect,5.0,wolf_phc
ChrisTesting3AgentsTrialsNo3,5,109,1,cooperate,1.5,wolf_phc
ChrisTesting3AgentsTrialsNo3,5,109,2,cooperate,1.5,wolf_phc
ChrisTesting3AgentsTrialsNo3,5,110,0,defect,5.0,wolf_phc
ChrisTesting3AgentsTrialsNo3,5,110,1,cooperate,1.5,wolf_phc
ChrisTesting3AgentsTrialsNo3,5,110,2,cooperate,1.5,wolf_phc
ChrisTesting3AgentsTrialsNo3,5,111,0,defect,5.0,wolf_phc
ChrisTesting3AgentsTrialsNo3,5,111,1,cooperate,1.5,wolf_phc
ChrisTesting3AgentsTrialsNo3,5,111,2,cooperate,1.5,wolf_phc
ChrisTesting3AgentsTrialsNo3,5,112,0,defect,5.0,wolf_phc
ChrisTesting3AgentsTrialsNo3,5,112,1,cooperate,1.5,wolf_phc
ChrisTesting3AgentsTrialsNo3,5,112,2,cooperate,1.5,wolf_phc
ChrisTesting3AgentsTrialsNo3,5,113,0,defect,5.0,wolf_phc
ChrisTesting3AgentsTrialsNo3,5,113,1,cooperate,1.5,wolf_phc
ChrisTesting3AgentsTrialsNo3,5,113,2,cooperate,1.5,wolf_phc
ChrisTesting3AgentsTrialsNo3,5,114,0,defect,5.0,wolf_phc
ChrisTesting3AgentsTrialsNo3,5,114,1,cooperate,1.5,wolf_phc
ChrisTesting3AgentsTrialsNo3,5,114,2,cooperate,1.5,wolf_phc
ChrisTesting3AgentsTrialsNo3,5,115,0,defect,5.0,wolf_phc
ChrisTesting3AgentsTrialsNo3,5,115,1,cooperate,1.5,wolf_phc
ChrisTesting3AgentsTrialsNo3,5,115,2,cooperate,1.5,wolf_phc
ChrisTesting3AgentsTrialsNo3,5,116,0,defect,5.0,wolf_phc
ChrisTesting3AgentsTrialsNo3,5,116,1,cooperate,1.5,wolf_phc
ChrisTesting3AgentsTrialsNo3,5,116,2,cooperate,1.5,wolf_phc
ChrisTesting3AgentsTrialsNo3,5,117,0,defect,5.0,wolf_phc
ChrisTesting3AgentsTrialsNo3,5,117,1,cooperate,1.5,wolf_phc
ChrisTesting3AgentsTrialsNo3,5,117,2,cooperate,1.5,wolf_phc
ChrisTesting3AgentsTrialsNo3,5,118,0,defect,5.0,wolf_phc
ChrisTesting3AgentsTrialsNo3,5,118,1,cooperate,1.5,wolf_phc
ChrisTesting3AgentsTrialsNo3,5,118,2,cooperate,1.5,wolf_phc
ChrisTesting3AgentsTrialsNo3,5,119,0,defect,5.0,wolf_phc
ChrisTesting3AgentsTrialsNo3,5,119,1,cooperate,1.5,wolf_phc
ChrisTesting3AgentsTrialsNo3,5,119,2,cooperate,1.5,wolf_phc
ChrisTesting3AgentsTrialsNo3,5,120,0,defect,5.0,wolf_phc
ChrisTesting3AgentsTrialsNo3,5,120,1,cooperate,1.5,wolf_phc
ChrisTesting3AgentsTrialsNo3,5,120,2,cooperate,1.5,wolf_phc
ChrisTesting3AgentsTrialsNo3,5,121,0,defect,5.0,wolf_phc
ChrisTesting3AgentsTrialsNo3,5,121,1,cooperate,1.5,wolf_phc
ChrisTesting3AgentsTrialsNo3,5,121,2,cooperate,1.5,wolf_phc
ChrisTesting3AgentsTrialsNo3,5,122,0,defect,5.0,wolf_phc
ChrisTesting3AgentsTrialsNo3,5,122,1,cooperate,1.5,wolf_phc
ChrisTesting3AgentsTrialsNo3,5,122,2,cooperate,1.5,wolf_phc
ChrisTesting3AgentsTrialsNo3,5,123,0,defect,5.0,wolf_phc
ChrisTesting3AgentsTrialsNo3,5,123,1,cooperate,1.5,wolf_phc
ChrisTesting3AgentsTrialsNo3,5,123,2,cooperate,1.5,wolf_phc
ChrisTesting3AgentsTrialsNo3,5,124,0,defect,3.0,wolf_phc
ChrisTesting3AgentsTrialsNo3,5,124,1,cooperate,0.0,wolf_phc
ChrisTesting3AgentsTrialsNo3,5,124,2,defect,3.0,wolf_phc
ChrisTesting3AgentsTrialsNo3,5,125,0,cooperate,3.0,wolf_phc
ChrisTesting3AgentsTrialsNo3,5,125,1,cooperate,3.0,wolf_phc
ChrisTesting3AgentsTrialsNo3,5,125,2,cooperate,3.0,wolf_phc
ChrisTesting3AgentsTrialsNo3,5,126,0,defect,5.0,wolf_phc
ChrisTesting3AgentsTrialsNo3,5,126,1,cooperate,1.5,wolf_phc
ChrisTesting3AgentsTrialsNo3,5,126,2,cooperate,1.5,wolf_phc
ChrisTesting3AgentsTrialsNo3,5,127,0,defect,5.0,wolf_phc
ChrisTesting3AgentsTrialsNo3,5,127,1,cooperate,1.5,wolf_phc
ChrisTesting3AgentsTrialsNo3,5,127,2,cooperate,1.5,wolf_phc
ChrisTesting3AgentsTrialsNo3,5,128,0,defect,5.0,wolf_phc
ChrisTesting3AgentsTrialsNo3,5,128,1,cooperate,1.5,wolf_phc
ChrisTesting3AgentsTrialsNo3,5,128,2,cooperate,1.5,wolf_phc
ChrisTesting3AgentsTrialsNo3,5,129,0,defect,5.0,wolf_phc
ChrisTesting3AgentsTrialsNo3,5,129,1,cooperate,1.5,wolf_phc
ChrisTesting3AgentsTrialsNo3,5,129,2,cooperate,1.5,wolf_phc
ChrisTesting3AgentsTrialsNo3,5,130,0,defect,5.0,wolf_phc
ChrisTesting3AgentsTrialsNo3,5,130,1,cooperate,1.5,wolf_phc
ChrisTesting3AgentsTrialsNo3,5,130,2,cooperate,1.5,wolf_phc
ChrisTesting3AgentsTrialsNo3,5,131,0,defect,5.0,wolf_phc
ChrisTesting3AgentsTrialsNo3,5,131,1,cooperate,1.5,wolf_phc
ChrisTesting3AgentsTrialsNo3,5,131,2,cooperate,1.5,wolf_phc
ChrisTesting3AgentsTrialsNo3,5,132,0,defect,5.0,wolf_phc
ChrisTesting3AgentsTrialsNo3,5,132,1,cooperate,1.5,wolf_phc
ChrisTesting3AgentsTrialsNo3,5,132,2,cooperate,1.5,wolf_phc
ChrisTesting3AgentsTrialsNo3,5,133,0,defect,5.0,wolf_phc
ChrisTesting3AgentsTrialsNo3,5,133,1,cooperate,1.5,wolf_phc
ChrisTesting3AgentsTrialsNo3,5,133,2,cooperate,1.5,wolf_phc
ChrisTesting3AgentsTrialsNo3,5,134,0,defect,5.0,wolf_phc
ChrisTesting3AgentsTrialsNo3,5,134,1,cooperate,1.5,wolf_phc
ChrisTesting3AgentsTrialsNo3,5,134,2,cooperate,1.5,wolf_phc
ChrisTesting3AgentsTrialsNo3,5,135,0,defect,5.0,wolf_phc
ChrisTesting3AgentsTrialsNo3,5,135,1,cooperate,1.5,wolf_phc
ChrisTesting3AgentsTrialsNo3,5,135,2,cooperate,1.5,wolf_phc
ChrisTesting3AgentsTrialsNo3,5,136,0,defect,5.0,wolf_phc
ChrisTesting3AgentsTrialsNo3,5,136,1,cooperate,1.5,wolf_phc
ChrisTesting3AgentsTrialsNo3,5,136,2,cooperate,1.5,wolf_phc
ChrisTesting3AgentsTrialsNo3,5,137,0,defect,5.0,wolf_phc
ChrisTesting3AgentsTrialsNo3,5,137,1,cooperate,1.5,wolf_phc
ChrisTesting3AgentsTrialsNo3,5,137,2,cooperate,1.5,wolf_phc
ChrisTesting3AgentsTrialsNo3,5,138,0,defect,5.0,wolf_phc
ChrisTesting3AgentsTrialsNo3,5,138,1,cooperate,1.5,wolf_phc
ChrisTesting3AgentsTrialsNo3,5,138,2,cooperate,1.5,wolf_phc
ChrisTesting3AgentsTrialsNo3,5,139,0,defect,5.0,wolf_phc
ChrisTesting3AgentsTrialsNo3,5,139,1,cooperate,1.5,wolf_phc
ChrisTesting3AgentsTrialsNo3,5,139,2,cooperate,1.5,wolf_phc
ChrisTesting3AgentsTrialsNo3,5,140,0,defect,5.0,wolf_phc
ChrisTesting3AgentsTrialsNo3,5,140,1,cooperate,1.5,wolf_phc
ChrisTesting3AgentsTrialsNo3,5,140,2,cooperate,1.5,wolf_phc
ChrisTesting3AgentsTrialsNo3,5,141,0,defect,5.0,wolf_phc
ChrisTesting3AgentsTrialsNo3,5,141,1,cooperate,1.5,wolf_phc
ChrisTesting3AgentsTrialsNo3,5,141,2,cooperate,1.5,wolf_phc
ChrisTesting3AgentsTrialsNo3,5,142,0,defect,5.0,wolf_phc
ChrisTesting3AgentsTrialsNo3,5,142,1,cooperate,1.5,wolf_phc
ChrisTesting3AgentsTrialsNo3,5,142,2,cooperate,1.5,wolf_phc
ChrisTesting3AgentsTrialsNo3,5,143,0,defect,5.0,wolf_phc
ChrisTesting3AgentsTrialsNo3,5,143,1,cooperate,1.5,wolf_phc
ChrisTesting3AgentsTrialsNo3,5,143,2,cooperate,1.5,wolf_phc
ChrisTesting3AgentsTrialsNo3,5,144,0,defect,5.0,wolf_phc
ChrisTesting3AgentsTrialsNo3,5,144,1,cooperate,1.5,wolf_phc
ChrisTesting3AgentsTrialsNo3,5,144,2,cooperate,1.5,wolf_phc
ChrisTesting3AgentsTrialsNo3,5,145,0,defect,5.0,wolf_phc
ChrisTesting3AgentsTrialsNo3,5,145,1,cooperate,1.5,wolf_phc
ChrisTesting3AgentsTrialsNo3,5,145,2,cooperate,1.5,wolf_phc
ChrisTesting3AgentsTrialsNo3,5,146,0,defect,5.0,wolf_phc
ChrisTesting3AgentsTrialsNo3,5,146,1,cooperate,1.5,wolf_phc
ChrisTesting3AgentsTrialsNo3,5,146,2,cooperate,1.5,wolf_phc
ChrisTesting3AgentsTrialsNo3,5,147,0,defect,5.0,wolf_phc
ChrisTesting3AgentsTrialsNo3,5,147,1,cooperate,1.5,wolf_phc
ChrisTesting3AgentsTrialsNo3,5,147,2,cooperate,1.5,wolf_phc
ChrisTesting3AgentsTrialsNo3,5,148,0,defect,5.0,wolf_phc
ChrisTesting3AgentsTrialsNo3,5,148,1,cooperate,1.5,wolf_phc
ChrisTesting3AgentsTrialsNo3,5,148,2,cooperate,1.5,wolf_phc
ChrisTesting3AgentsTrialsNo3,5,149,0,defect,5.0,wolf_phc
ChrisTesting3AgentsTrialsNo3,5,149,1,cooperate,1.5,wolf_phc
ChrisTesting3AgentsTrialsNo3,5,149,2,cooperate,1.5,wolf_phc
ChrisTesting3AgentsTrialsNo3,5,150,0,defect,5.0,wolf_phc
ChrisTesting3AgentsTrialsNo3,5,150,1,cooperate,1.5,wolf_phc
ChrisTesting3AgentsTrialsNo3,5,150,2,cooperate,1.5,wolf_phc
ChrisTesting3AgentsTrialsNo3,5,151,0,defect,5.0,wolf_phc
ChrisTesting3AgentsTrialsNo3,5,151,1,cooperate,1.5,wolf_phc
ChrisTesting3AgentsTrialsNo3,5,151,2,cooperate,1.5,wolf_phc
ChrisTesting3AgentsTrialsNo3,5,152,0,defect,5.0,wolf_phc
ChrisTesting3AgentsTrialsNo3,5,152,1,cooperate,1.5,wolf_phc
ChrisTesting3AgentsTrialsNo3,5,152,2,cooperate,1.5,wolf_phc
ChrisTesting3AgentsTrialsNo3,5,153,0,defect,3.0,wolf_phc
ChrisTesting3AgentsTrialsNo3,5,153,1,defect,3.0,wolf_phc
ChrisTesting3AgentsTrialsNo3,5,153,2,cooperate,0.0,wolf_phc
ChrisTesting3AgentsTrialsNo3,5,154,0,cooperate,3.0,wolf_phc
ChrisTesting3AgentsTrialsNo3,5,154,1,cooperate,3.0,wolf_phc
ChrisTesting3AgentsTrialsNo3,5,154,2,cooperate,3.0,wolf_phc
ChrisTesting3AgentsTrialsNo3,5,155,0,defect,5.0,wolf_phc
ChrisTesting3AgentsTrialsNo3,5,155,1,cooperate,1.5,wolf_phc
ChrisTesting3AgentsTrialsNo3,5,155,2,cooperate,1.5,wolf_phc
ChrisTesting3AgentsTrialsNo3,5,156,0,defect,5.0,wolf_phc
ChrisTesting3AgentsTrialsNo3,5,156,1,cooperate,1.5,wolf_phc
ChrisTesting3AgentsTrialsNo3,5,156,2,cooperate,1.5,wolf_phc
ChrisTesting3AgentsTrialsNo3,5,157,0,defect,5.0,wolf_phc
ChrisTesting3AgentsTrialsNo3,5,157,1,cooperate,1.5,wolf_phc
ChrisTesting3AgentsTrialsNo3,5,157,2,cooperate,1.5,wolf_phc
ChrisTesting3AgentsTrialsNo3,5,158,0,defect,5.0,wolf_phc
ChrisTesting3AgentsTrialsNo3,5,158,1,cooperate,1.5,wolf_phc
ChrisTesting3AgentsTrialsNo3,5,158,2,cooperate,1.5,wolf_phc
ChrisTesting3AgentsTrialsNo3,5,159,0,defect,5.0,wolf_phc
ChrisTesting3AgentsTrialsNo3,5,159,1,cooperate,1.5,wolf_phc
ChrisTesting3AgentsTrialsNo3,5,159,2,cooperate,1.5,wolf_phc
ChrisTesting3AgentsTrialsNo3,5,160,0,defect,5.0,wolf_phc
ChrisTesting3AgentsTrialsNo3,5,160,1,cooperate,1.5,wolf_phc
ChrisTesting3AgentsTrialsNo3,5,160,2,cooperate,1.5,wolf_phc
ChrisTesting3AgentsTrialsNo3,5,161,0,defect,5.0,wolf_phc
ChrisTesting3AgentsTrialsNo3,5,161,1,cooperate,1.5,wolf_phc
ChrisTesting3AgentsTrialsNo3,5,161,2,cooperate,1.5,wolf_phc
ChrisTesting3AgentsTrialsNo3,5,162,0,defect,5.0,wolf_phc
ChrisTesting3AgentsTrialsNo3,5,162,1,cooperate,1.5,wolf_phc
ChrisTesting3AgentsTrialsNo3,5,162,2,cooperate,1.5,wolf_phc
ChrisTesting3AgentsTrialsNo3,5,163,0,defect,3.0,wolf_phc
ChrisTesting3AgentsTrialsNo3,5,163,1,defect,3.0,wolf_phc
ChrisTesting3AgentsTrialsNo3,5,163,2,cooperate,0.0,wolf_phc
ChrisTesting3AgentsTrialsNo3,5,164,0,cooperate,3.0,wolf_phc
ChrisTesting3AgentsTrialsNo3,5,164,1,cooperate,3.0,wolf_phc
ChrisTesting3AgentsTrialsNo3,5,164,2,cooperate,3.0,wolf_phc
ChrisTesting3AgentsTrialsNo3,5,165,0,defect,5.0,wolf_phc
ChrisTesting3AgentsTrialsNo3,5,165,1,cooperate,1.5,wolf_phc
ChrisTesting3AgentsTrialsNo3,5,165,2,cooperate,1.5,wolf_phc
ChrisTesting3AgentsTrialsNo3,5,166,0,defect,5.0,wolf_phc
ChrisTesting3AgentsTrialsNo3,5,166,1,cooperate,1.5,wolf_phc
ChrisTesting3AgentsTrialsNo3,5,166,2,cooperate,1.5,wolf_phc
ChrisTesting3AgentsTrialsNo3,5,167,0,defect,5.0,wolf_phc
ChrisTesting3AgentsTrialsNo3,5,167,1,cooperate,1.5,wolf_phc
ChrisTesting3AgentsTrialsNo3,5,167,2,cooperate,1.5,wolf_phc
ChrisTesting3AgentsTrialsNo3,5,168,0,defect,5.0,wolf_phc
ChrisTesting3AgentsTrialsNo3,5,168,1,cooperate,1.5,wolf_phc
ChrisTesting3AgentsTrialsNo3,5,168,2,cooperate,1.5,wolf_phc
ChrisTesting3AgentsTrialsNo3,5,169,0,defect,5.0,wolf_phc
ChrisTesting3AgentsTrialsNo3,5,169,1,cooperate,1.5,wolf_phc
ChrisTesting3AgentsTrialsNo3,5,169,2,cooperate,1.5,wolf_phc
ChrisTesting3AgentsTrialsNo3,5,170,0,defect,5.0,wolf_phc
ChrisTesting3AgentsTrialsNo3,5,170,1,cooperate,1.5,wolf_phc
ChrisTesting3AgentsTrialsNo3,5,170,2,cooperate,1.5,wolf_phc
ChrisTesting3AgentsTrialsNo3,5,171,0,defect,5.0,wolf_phc
ChrisTesting3AgentsTrialsNo3,5,171,1,cooperate,1.5,wolf_phc
ChrisTesting3AgentsTrialsNo3,5,171,2,cooperate,1.5,wolf_phc
ChrisTesting3AgentsTrialsNo3,5,172,0,defect,3.0,wolf_phc
ChrisTesting3AgentsTrialsNo3,5,172,1,cooperate,0.0,wolf_phc
ChrisTesting3AgentsTrialsNo3,5,172,2,defect,3.0,wolf_phc
ChrisTesting3AgentsTrialsNo3,5,173,0,cooperate,3.0,wolf_phc
ChrisTesting3AgentsTrialsNo3,5,173,1,cooperate,3.0,wolf_phc
ChrisTesting3AgentsTrialsNo3,5,173,2,cooperate,3.0,wolf_phc
ChrisTesting3AgentsTrialsNo3,5,174,0,defect,5.0,wolf_phc
ChrisTesting3AgentsTrialsNo3,5,174,1,cooperate,1.5,wolf_phc
ChrisTesting3AgentsTrialsNo3,5,174,2,cooperate,1.5,wolf_phc
ChrisTesting3AgentsTrialsNo3,5,175,0,defect,5.0,wolf_phc
ChrisTesting3AgentsTrialsNo3,5,175,1,cooperate,1.5,wolf_phc
ChrisTesting3AgentsTrialsNo3,5,175,2,cooperate,1.5,wolf_phc
ChrisTesting3AgentsTrialsNo3,5,176,0,defect,5.0,wolf_phc
ChrisTesting3AgentsTrialsNo3,5,176,1,cooperate,1.5,wolf_phc
ChrisTesting3AgentsTrialsNo3,5,176,2,cooperate,1.5,wolf_phc
ChrisTesting3AgentsTrialsNo3,5,177,0,defect,5.0,wolf_phc
ChrisTesting3AgentsTrialsNo3,5,177,1,cooperate,1.5,wolf_phc
ChrisTesting3AgentsTrialsNo3,5,177,2,cooperate,1.5,wolf_phc
ChrisTesting3AgentsTrialsNo3,5,178,0,defect,5.0,wolf_phc
ChrisTesting3AgentsTrialsNo3,5,178,1,cooperate,1.5,wolf_phc
ChrisTesting3AgentsTrialsNo3,5,178,2,cooperate,1.5,wolf_phc
ChrisTesting3AgentsTrialsNo3,5,179,0,defect,5.0,wolf_phc
ChrisTesting3AgentsTrialsNo3,5,179,1,cooperate,1.5,wolf_phc
ChrisTesting3AgentsTrialsNo3,5,179,2,cooperate,1.5,wolf_phc
ChrisTesting3AgentsTrialsNo3,5,180,0,cooperate,3.0,wolf_phc
ChrisTesting3AgentsTrialsNo3,5,180,1,cooperate,3.0,wolf_phc
ChrisTesting3AgentsTrialsNo3,5,180,2,cooperate,3.0,wolf_phc
ChrisTesting3AgentsTrialsNo3,5,181,0,defect,5.0,wolf_phc
ChrisTesting3AgentsTrialsNo3,5,181,1,cooperate,1.5,wolf_phc
ChrisTesting3AgentsTrialsNo3,5,181,2,cooperate,1.5,wolf_phc
ChrisTesting3AgentsTrialsNo3,5,182,0,defect,5.0,wolf_phc
ChrisTesting3AgentsTrialsNo3,5,182,1,cooperate,1.5,wolf_phc
ChrisTesting3AgentsTrialsNo3,5,182,2,cooperate,1.5,wolf_phc
ChrisTesting3AgentsTrialsNo3,5,183,0,defect,5.0,wolf_phc
ChrisTesting3AgentsTrialsNo3,5,183,1,cooperate,1.5,wolf_phc
ChrisTesting3AgentsTrialsNo3,5,183,2,cooperate,1.5,wolf_phc
ChrisTesting3AgentsTrialsNo3,5,184,0,defect,5.0,wolf_phc
ChrisTesting3AgentsTrialsNo3,5,184,1,cooperate,1.5,wolf_phc
ChrisTesting3AgentsTrialsNo3,5,184,2,cooperate,1.5,wolf_phc
ChrisTesting3AgentsTrialsNo3,5,185,0,defect,5.0,wolf_phc
ChrisTesting3AgentsTrialsNo3,5,185,1,cooperate,1.5,wolf_phc
ChrisTesting3AgentsTrialsNo3,5,185,2,cooperate,1.5,wolf_phc
ChrisTesting3AgentsTrialsNo3,5,186,0,defect,5.0,wolf_phc
ChrisTesting3AgentsTrialsNo3,5,186,1,cooperate,1.5,wolf_phc
ChrisTesting3AgentsTrialsNo3,5,186,2,cooperate,1.5,wolf_phc
ChrisTesting3AgentsTrialsNo3,5,187,0,defect,5.0,wolf_phc
ChrisTesting3AgentsTrialsNo3,5,187,1,cooperate,1.5,wolf_phc
ChrisTesting3AgentsTrialsNo3,5,187,2,cooperate,1.5,wolf_phc
ChrisTesting3AgentsTrialsNo3,5,188,0,defect,5.0,wolf_phc
ChrisTesting3AgentsTrialsNo3,5,188,1,cooperate,1.5,wolf_phc
ChrisTesting3AgentsTrialsNo3,5,188,2,cooperate,1.5,wolf_phc
ChrisTesting3AgentsTrialsNo3,5,189,0,defect,5.0,wolf_phc
ChrisTesting3AgentsTrialsNo3,5,189,1,cooperate,1.5,wolf_phc
ChrisTesting3AgentsTrialsNo3,5,189,2,cooperate,1.5,wolf_phc
ChrisTesting3AgentsTrialsNo3,5,190,0,defect,5.0,wolf_phc
ChrisTesting3AgentsTrialsNo3,5,190,1,cooperate,1.5,wolf_phc
ChrisTesting3AgentsTrialsNo3,5,190,2,cooperate,1.5,wolf_phc
ChrisTesting3AgentsTrialsNo3,5,191,0,defect,5.0,wolf_phc
ChrisTesting3AgentsTrialsNo3,5,191,1,cooperate,1.5,wolf_phc
ChrisTesting3AgentsTrialsNo3,5,191,2,cooperate,1.5,wolf_phc
ChrisTesting3AgentsTrialsNo3,5,192,0,defect,5.0,wolf_phc
ChrisTesting3AgentsTrialsNo3,5,192,1,cooperate,1.5,wolf_phc
ChrisTesting3AgentsTrialsNo3,5,192,2,cooperate,1.5,wolf_phc
ChrisTesting3AgentsTrialsNo3,5,193,0,defect,5.0,wolf_phc
ChrisTesting3AgentsTrialsNo3,5,193,1,cooperate,1.5,wolf_phc
ChrisTesting3AgentsTrialsNo3,5,193,2,cooperate,1.5,wolf_phc
ChrisTesting3AgentsTrialsNo3,5,194,0,defect,5.0,wolf_phc
ChrisTesting3AgentsTrialsNo3,5,194,1,cooperate,1.5,wolf_phc
ChrisTesting3AgentsTrialsNo3,5,194,2,cooperate,1.5,wolf_phc
ChrisTesting3AgentsTrialsNo3,5,195,0,defect,5.0,wolf_phc
ChrisTesting3AgentsTrialsNo3,5,195,1,cooperate,1.5,wolf_phc
ChrisTesting3AgentsTrialsNo3,5,195,2,cooperate,1.5,wolf_phc
ChrisTesting3AgentsTrialsNo3,5,196,0,defect,5.0,wolf_phc
ChrisTesting3AgentsTrialsNo3,5,196,1,cooperate,1.5,wolf_phc
ChrisTesting3AgentsTrialsNo3,5,196,2,cooperate,1.5,wolf_phc
ChrisTesting3AgentsTrialsNo3,5,197,0,defect,5.0,wolf_phc
ChrisTesting3AgentsTrialsNo3,5,197,1,cooperate,1.5,wolf_phc
ChrisTesting3AgentsTrialsNo3,5,197,2,cooperate,1.5,wolf_phc
ChrisTesting3AgentsTrialsNo3,5,198,0,defect,5.0,wolf_phc
ChrisTesting3AgentsTrialsNo3,5,198,1,cooperate,1.5,wolf_phc
ChrisTesting3AgentsTrialsNo3,5,198,2,cooperate,1.5,wolf_phc
ChrisTesting3AgentsTrialsNo3,5,199,0,defect,5.0,wolf_phc
ChrisTesting3AgentsTrialsNo3,5,199,1,cooperate,1.5,wolf_phc
ChrisTesting3AgentsTrialsNo3,5,199,2,cooperate,1.5,wolf_phc
ChrisTesting3AgentsTrialsNo3,5,200,0,defect,5.0,wolf_phc
ChrisTesting3AgentsTrialsNo3,5,200,1,cooperate,1.5,wolf_phc
ChrisTesting3AgentsTrialsNo3,5,200,2,cooperate,1.5,wolf_phc
ChrisTesting3AgentsTrialsNo3,5,201,0,defect,5.0,wolf_phc
ChrisTesting3AgentsTrialsNo3,5,201,1,cooperate,1.5,wolf_phc
ChrisTesting3AgentsTrialsNo3,5,201,2,cooperate,1.5,wolf_phc
ChrisTesting3AgentsTrialsNo3,5,202,0,cooperate,3.0,wolf_phc
ChrisTesting3AgentsTrialsNo3,5,202,1,cooperate,3.0,wolf_phc
ChrisTesting3AgentsTrialsNo3,5,202,2,cooperate,3.0,wolf_phc
ChrisTesting3AgentsTrialsNo3,5,203,0,defect,5.0,wolf_phc
ChrisTesting3AgentsTrialsNo3,5,203,1,cooperate,1.5,wolf_phc
ChrisTesting3AgentsTrialsNo3,5,203,2,cooperate,1.5,wolf_phc
ChrisTesting3AgentsTrialsNo3,5,204,0,defect,5.0,wolf_phc
ChrisTesting3AgentsTrialsNo3,5,204,1,cooperate,1.5,wolf_phc
ChrisTesting3AgentsTrialsNo3,5,204,2,cooperate,1.5,wolf_phc
ChrisTesting3AgentsTrialsNo3,5,205,0,defect,5.0,wolf_phc
ChrisTesting3AgentsTrialsNo3,5,205,1,cooperate,1.5,wolf_phc
ChrisTesting3AgentsTrialsNo3,5,205,2,cooperate,1.5,wolf_phc
ChrisTesting3AgentsTrialsNo3,5,206,0,defect,5.0,wolf_phc
ChrisTesting3AgentsTrialsNo3,5,206,1,cooperate,1.5,wolf_phc
ChrisTesting3AgentsTrialsNo3,5,206,2,cooperate,1.5,wolf_phc
ChrisTesting3AgentsTrialsNo3,5,207,0,cooperate,3.0,wolf_phc
ChrisTesting3AgentsTrialsNo3,5,207,1,cooperate,3.0,wolf_phc
ChrisTesting3AgentsTrialsNo3,5,207,2,cooperate,3.0,wolf_phc
ChrisTesting3AgentsTrialsNo3,5,208,0,defect,5.0,wolf_phc
ChrisTesting3AgentsTrialsNo3,5,208,1,cooperate,1.5,wolf_phc
ChrisTesting3AgentsTrialsNo3,5,208,2,cooperate,1.5,wolf_phc
ChrisTesting3AgentsTrialsNo3,5,209,0,defect,5.0,wolf_phc
ChrisTesting3AgentsTrialsNo3,5,209,1,cooperate,1.5,wolf_phc
ChrisTesting3AgentsTrialsNo3,5,209,2,cooperate,1.5,wolf_phc
ChrisTesting3AgentsTrialsNo3,5,210,0,defect,5.0,wolf_phc
ChrisTesting3AgentsTrialsNo3,5,210,1,cooperate,1.5,wolf_phc
ChrisTesting3AgentsTrialsNo3,5,210,2,cooperate,1.5,wolf_phc
ChrisTesting3AgentsTrialsNo3,5,211,0,defect,5.0,wolf_phc
ChrisTesting3AgentsTrialsNo3,5,211,1,cooperate,1.5,wolf_phc
ChrisTesting3AgentsTrialsNo3,5,211,2,cooperate,1.5,wolf_phc
ChrisTesting3AgentsTrialsNo3,5,212,0,defect,5.0,wolf_phc
ChrisTesting3AgentsTrialsNo3,5,212,1,cooperate,1.5,wolf_phc
ChrisTesting3AgentsTrialsNo3,5,212,2,cooperate,1.5,wolf_phc
ChrisTesting3AgentsTrialsNo3,5,213,0,defect,5.0,wolf_phc
ChrisTesting3AgentsTrialsNo3,5,213,1,cooperate,1.5,wolf_phc
ChrisTesting3AgentsTrialsNo3,5,213,2,cooperate,1.5,wolf_phc
ChrisTesting3AgentsTrialsNo3,5,214,0,defect,5.0,wolf_phc
ChrisTesting3AgentsTrialsNo3,5,214,1,cooperate,1.5,wolf_phc
ChrisTesting3AgentsTrialsNo3,5,214,2,cooperate,1.5,wolf_phc
ChrisTesting3AgentsTrialsNo3,5,215,0,defect,5.0,wolf_phc
ChrisTesting3AgentsTrialsNo3,5,215,1,cooperate,1.5,wolf_phc
ChrisTesting3AgentsTrialsNo3,5,215,2,cooperate,1.5,wolf_phc
ChrisTesting3AgentsTrialsNo3,5,216,0,defect,3.0,wolf_phc
ChrisTesting3AgentsTrialsNo3,5,216,1,defect,3.0,wolf_phc
ChrisTesting3AgentsTrialsNo3,5,216,2,cooperate,0.0,wolf_phc
ChrisTesting3AgentsTrialsNo3,5,217,0,cooperate,3.0,wolf_phc
ChrisTesting3AgentsTrialsNo3,5,217,1,cooperate,3.0,wolf_phc
ChrisTesting3AgentsTrialsNo3,5,217,2,cooperate,3.0,wolf_phc
ChrisTesting3AgentsTrialsNo3,5,218,0,defect,5.0,wolf_phc
ChrisTesting3AgentsTrialsNo3,5,218,1,cooperate,1.5,wolf_phc
ChrisTesting3AgentsTrialsNo3,5,218,2,cooperate,1.5,wolf_phc
ChrisTesting3AgentsTrialsNo3,5,219,0,defect,5.0,wolf_phc
ChrisTesting3AgentsTrialsNo3,5,219,1,cooperate,1.5,wolf_phc
ChrisTesting3AgentsTrialsNo3,5,219,2,cooperate,1.5,wolf_phc
ChrisTesting3AgentsTrialsNo3,5,220,0,defect,5.0,wolf_phc
ChrisTesting3AgentsTrialsNo3,5,220,1,cooperate,1.5,wolf_phc
ChrisTesting3AgentsTrialsNo3,5,220,2,cooperate,1.5,wolf_phc
ChrisTesting3AgentsTrialsNo3,5,221,0,defect,5.0,wolf_phc
ChrisTesting3AgentsTrialsNo3,5,221,1,cooperate,1.5,wolf_phc
ChrisTesting3AgentsTrialsNo3,5,221,2,cooperate,1.5,wolf_phc
ChrisTesting3AgentsTrialsNo3,5,222,0,defect,5.0,wolf_phc
ChrisTesting3AgentsTrialsNo3,5,222,1,cooperate,1.5,wolf_phc
ChrisTesting3AgentsTrialsNo3,5,222,2,cooperate,1.5,wolf_phc
ChrisTesting3AgentsTrialsNo3,5,223,0,defect,5.0,wolf_phc
ChrisTesting3AgentsTrialsNo3,5,223,1,cooperate,1.5,wolf_phc
ChrisTesting3AgentsTrialsNo3,5,223,2,cooperate,1.5,wolf_phc
ChrisTesting3AgentsTrialsNo3,5,224,0,defect,5.0,wolf_phc
ChrisTesting3AgentsTrialsNo3,5,224,1,cooperate,1.5,wolf_phc
ChrisTesting3AgentsTrialsNo3,5,224,2,cooperate,1.5,wolf_phc
ChrisTesting3AgentsTrialsNo3,5,225,0,defect,5.0,wolf_phc
ChrisTesting3AgentsTrialsNo3,5,225,1,cooperate,1.5,wolf_phc
ChrisTesting3AgentsTrialsNo3,5,225,2,cooperate,1.5,wolf_phc
ChrisTesting3AgentsTrialsNo3,5,226,0,defect,5.0,wolf_phc
ChrisTesting3AgentsTrialsNo3,5,226,1,cooperate,1.5,wolf_phc
ChrisTesting3AgentsTrialsNo3,5,226,2,cooperate,1.5,wolf_phc
ChrisTesting3AgentsTrialsNo3,5,227,0,defect,5.0,wolf_phc
ChrisTesting3AgentsTrialsNo3,5,227,1,cooperate,1.5,wolf_phc
ChrisTesting3AgentsTrialsNo3,5,227,2,cooperate,1.5,wolf_phc
ChrisTesting3AgentsTrialsNo3,5,228,0,defect,5.0,wolf_phc
ChrisTesting3AgentsTrialsNo3,5,228,1,cooperate,1.5,wolf_phc
ChrisTesting3AgentsTrialsNo3,5,228,2,cooperate,1.5,wolf_phc
ChrisTesting3AgentsTrialsNo3,5,229,0,defect,5.0,wolf_phc
ChrisTesting3AgentsTrialsNo3,5,229,1,cooperate,1.5,wolf_phc
ChrisTesting3AgentsTrialsNo3,5,229,2,cooperate,1.5,wolf_phc
ChrisTesting3AgentsTrialsNo3,5,230,0,defect,5.0,wolf_phc
ChrisTesting3AgentsTrialsNo3,5,230,1,cooperate,1.5,wolf_phc
ChrisTesting3AgentsTrialsNo3,5,230,2,cooperate,1.5,wolf_phc
ChrisTesting3AgentsTrialsNo3,5,231,0,defect,5.0,wolf_phc
ChrisTesting3AgentsTrialsNo3,5,231,1,cooperate,1.5,wolf_phc
ChrisTesting3AgentsTrialsNo3,5,231,2,cooperate,1.5,wolf_phc
ChrisTesting3AgentsTrialsNo3,5,232,0,defect,5.0,wolf_phc
ChrisTesting3AgentsTrialsNo3,5,232,1,cooperate,1.5,wolf_phc
ChrisTesting3AgentsTrialsNo3,5,232,2,cooperate,1.5,wolf_phc
ChrisTesting3AgentsTrialsNo3,5,233,0,defect,5.0,wolf_phc
ChrisTesting3AgentsTrialsNo3,5,233,1,cooperate,1.5,wolf_phc
ChrisTesting3AgentsTrialsNo3,5,233,2,cooperate,1.5,wolf_phc
ChrisTesting3AgentsTrialsNo3,5,234,0,defect,5.0,wolf_phc
ChrisTesting3AgentsTrialsNo3,5,234,1,cooperate,1.5,wolf_phc
ChrisTesting3AgentsTrialsNo3,5,234,2,cooperate,1.5,wolf_phc
ChrisTesting3AgentsTrialsNo3,5,235,0,cooperate,3.0,wolf_phc
ChrisTesting3AgentsTrialsNo3,5,235,1,cooperate,3.0,wolf_phc
ChrisTesting3AgentsTrialsNo3,5,235,2,cooperate,3.0,wolf_phc
ChrisTesting3AgentsTrialsNo3,5,236,0,defect,5.0,wolf_phc
ChrisTesting3AgentsTrialsNo3,5,236,1,cooperate,1.5,wolf_phc
ChrisTesting3AgentsTrialsNo3,5,236,2,cooperate,1.5,wolf_phc
ChrisTesting3AgentsTrialsNo3,5,237,0,defect,5.0,wolf_phc
ChrisTesting3AgentsTrialsNo3,5,237,1,cooperate,1.5,wolf_phc
ChrisTesting3AgentsTrialsNo3,5,237,2,cooperate,1.5,wolf_phc
ChrisTesting3AgentsTrialsNo3,5,238,0,defect,5.0,wolf_phc
ChrisTesting3AgentsTrialsNo3,5,238,1,cooperate,1.5,wolf_phc
ChrisTesting3AgentsTrialsNo3,5,238,2,cooperate,1.5,wolf_phc
ChrisTesting3AgentsTrialsNo3,5,239,0,defect,5.0,wolf_phc
ChrisTesting3AgentsTrialsNo3,5,239,1,cooperate,1.5,wolf_phc
ChrisTesting3AgentsTrialsNo3,5,239,2,cooperate,1.5,wolf_phc
ChrisTesting3AgentsTrialsNo3,5,240,0,defect,5.0,wolf_phc
ChrisTesting3AgentsTrialsNo3,5,240,1,cooperate,1.5,wolf_phc
ChrisTesting3AgentsTrialsNo3,5,240,2,cooperate,1.5,wolf_phc
ChrisTesting3AgentsTrialsNo3,5,241,0,defect,5.0,wolf_phc
ChrisTesting3AgentsTrialsNo3,5,241,1,cooperate,1.5,wolf_phc
ChrisTesting3AgentsTrialsNo3,5,241,2,cooperate,1.5,wolf_phc
ChrisTesting3AgentsTrialsNo3,5,242,0,defect,3.0,wolf_phc
ChrisTesting3AgentsTrialsNo3,5,242,1,cooperate,0.0,wolf_phc
ChrisTesting3AgentsTrialsNo3,5,242,2,defect,3.0,wolf_phc
ChrisTesting3AgentsTrialsNo3,5,243,0,cooperate,1.5,wolf_phc
ChrisTesting3AgentsTrialsNo3,5,243,1,defect,5.0,wolf_phc
ChrisTesting3AgentsTrialsNo3,5,243,2,cooperate,1.5,wolf_phc
ChrisTesting3AgentsTrialsNo3,5,244,0,cooperate,3.0,wolf_phc
ChrisTesting3AgentsTrialsNo3,5,244,1,cooperate,3.0,wolf_phc
ChrisTesting3AgentsTrialsNo3,5,244,2,cooperate,3.0,wolf_phc
ChrisTesting3AgentsTrialsNo3,5,245,0,defect,5.0,wolf_phc
ChrisTesting3AgentsTrialsNo3,5,245,1,cooperate,1.5,wolf_phc
ChrisTesting3AgentsTrialsNo3,5,245,2,cooperate,1.5,wolf_phc
ChrisTesting3AgentsTrialsNo3,5,246,0,defect,5.0,wolf_phc
ChrisTesting3AgentsTrialsNo3,5,246,1,cooperate,1.5,wolf_phc
ChrisTesting3AgentsTrialsNo3,5,246,2,cooperate,1.5,wolf_phc
ChrisTesting3AgentsTrialsNo3,5,247,0,defect,5.0,wolf_phc
ChrisTesting3AgentsTrialsNo3,5,247,1,cooperate,1.5,wolf_phc
ChrisTesting3AgentsTrialsNo3,5,247,2,cooperate,1.5,wolf_phc
ChrisTesting3AgentsTrialsNo3,5,248,0,defect,5.0,wolf_phc
ChrisTesting3AgentsTrialsNo3,5,248,1,cooperate,1.5,wolf_phc
ChrisTesting3AgentsTrialsNo3,5,248,2,cooperate,1.5,wolf_phc
ChrisTesting3AgentsTrialsNo3,5,249,0,defect,5.0,wolf_phc
ChrisTesting3AgentsTrialsNo3,5,249,1,cooperate,1.5,wolf_phc
ChrisTesting3AgentsTrialsNo3,5,249,2,cooperate,1.5,wolf_phc
ChrisTesting3AgentsTrialsNo3,5,250,0,defect,5.0,wolf_phc
ChrisTesting3AgentsTrialsNo3,5,250,1,cooperate,1.5,wolf_phc
ChrisTesting3AgentsTrialsNo3,5,250,2,cooperate,1.5,wolf_phc
ChrisTesting3AgentsTrialsNo3,5,251,0,defect,5.0,wolf_phc
ChrisTesting3AgentsTrialsNo3,5,251,1,cooperate,1.5,wolf_phc
ChrisTesting3AgentsTrialsNo3,5,251,2,cooperate,1.5,wolf_phc
ChrisTesting3AgentsTrialsNo3,5,252,0,defect,5.0,wolf_phc
ChrisTesting3AgentsTrialsNo3,5,252,1,cooperate,1.5,wolf_phc
ChrisTesting3AgentsTrialsNo3,5,252,2,cooperate,1.5,wolf_phc
ChrisTesting3AgentsTrialsNo3,5,253,0,defect,5.0,wolf_phc
ChrisTesting3AgentsTrialsNo3,5,253,1,cooperate,1.5,wolf_phc
ChrisTesting3AgentsTrialsNo3,5,253,2,cooperate,1.5,wolf_phc
ChrisTesting3AgentsTrialsNo3,5,254,0,defect,5.0,wolf_phc
ChrisTesting3AgentsTrialsNo3,5,254,1,cooperate,1.5,wolf_phc
ChrisTesting3AgentsTrialsNo3,5,254,2,cooperate,1.5,wolf_phc
ChrisTesting3AgentsTrialsNo3,5,255,0,defect,5.0,wolf_phc
ChrisTesting3AgentsTrialsNo3,5,255,1,cooperate,1.5,wolf_phc
ChrisTesting3AgentsTrialsNo3,5,255,2,cooperate,1.5,wolf_phc
ChrisTesting3AgentsTrialsNo3,5,256,0,defect,3.0,wolf_phc
ChrisTesting3AgentsTrialsNo3,5,256,1,defect,3.0,wolf_phc
ChrisTesting3AgentsTrialsNo3,5,256,2,cooperate,0.0,wolf_phc
ChrisTesting3AgentsTrialsNo3,5,257,0,cooperate,3.0,wolf_phc
ChrisTesting3AgentsTrialsNo3,5,257,1,cooperate,3.0,wolf_phc
ChrisTesting3AgentsTrialsNo3,5,257,2,cooperate,3.0,wolf_phc
ChrisTesting3AgentsTrialsNo3,5,258,0,defect,5.0,wolf_phc
ChrisTesting3AgentsTrialsNo3,5,258,1,cooperate,1.5,wolf_phc
ChrisTesting3AgentsTrialsNo3,5,258,2,cooperate,1.5,wolf_phc
ChrisTesting3AgentsTrialsNo3,5,259,0,cooperate,3.0,wolf_phc
ChrisTesting3AgentsTrialsNo3,5,259,1,cooperate,3.0,wolf_phc
ChrisTesting3AgentsTrialsNo3,5,259,2,cooperate,3.0,wolf_phc
ChrisTesting3AgentsTrialsNo3,5,260,0,defect,5.0,wolf_phc
ChrisTesting3AgentsTrialsNo3,5,260,1,cooperate,1.5,wolf_phc
ChrisTesting3AgentsTrialsNo3,5,260,2,cooperate,1.5,wolf_phc
ChrisTesting3AgentsTrialsNo3,5,261,0,defect,5.0,wolf_phc
ChrisTesting3AgentsTrialsNo3,5,261,1,cooperate,1.5,wolf_phc
ChrisTesting3AgentsTrialsNo3,5,261,2,cooperate,1.5,wolf_phc
ChrisTesting3AgentsTrialsNo3,5,262,0,defect,5.0,wolf_phc
ChrisTesting3AgentsTrialsNo3,5,262,1,cooperate,1.5,wolf_phc
ChrisTesting3AgentsTrialsNo3,5,262,2,cooperate,1.5,wolf_phc
ChrisTesting3AgentsTrialsNo3,5,263,0,defect,5.0,wolf_phc
ChrisTesting3AgentsTrialsNo3,5,263,1,cooperate,1.5,wolf_phc
ChrisTesting3AgentsTrialsNo3,5,263,2,cooperate,1.5,wolf_phc
ChrisTesting3AgentsTrialsNo3,5,264,0,defect,5.0,wolf_phc
ChrisTesting3AgentsTrialsNo3,5,264,1,cooperate,1.5,wolf_phc
ChrisTesting3AgentsTrialsNo3,5,264,2,cooperate,1.5,wolf_phc
ChrisTesting3AgentsTrialsNo3,5,265,0,defect,5.0,wolf_phc
ChrisTesting3AgentsTrialsNo3,5,265,1,cooperate,1.5,wolf_phc
ChrisTesting3AgentsTrialsNo3,5,265,2,cooperate,1.5,wolf_phc
ChrisTesting3AgentsTrialsNo3,5,266,0,defect,5.0,wolf_phc
ChrisTesting3AgentsTrialsNo3,5,266,1,cooperate,1.5,wolf_phc
ChrisTesting3AgentsTrialsNo3,5,266,2,cooperate,1.5,wolf_phc
ChrisTesting3AgentsTrialsNo3,5,267,0,defect,5.0,wolf_phc
ChrisTesting3AgentsTrialsNo3,5,267,1,cooperate,1.5,wolf_phc
ChrisTesting3AgentsTrialsNo3,5,267,2,cooperate,1.5,wolf_phc
ChrisTesting3AgentsTrialsNo3,5,268,0,defect,5.0,wolf_phc
ChrisTesting3AgentsTrialsNo3,5,268,1,cooperate,1.5,wolf_phc
ChrisTesting3AgentsTrialsNo3,5,268,2,cooperate,1.5,wolf_phc
ChrisTesting3AgentsTrialsNo3,5,269,0,defect,5.0,wolf_phc
ChrisTesting3AgentsTrialsNo3,5,269,1,cooperate,1.5,wolf_phc
ChrisTesting3AgentsTrialsNo3,5,269,2,cooperate,1.5,wolf_phc
ChrisTesting3AgentsTrialsNo3,5,270,0,defect,5.0,wolf_phc
ChrisTesting3AgentsTrialsNo3,5,270,1,cooperate,1.5,wolf_phc
ChrisTesting3AgentsTrialsNo3,5,270,2,cooperate,1.5,wolf_phc
ChrisTesting3AgentsTrialsNo3,5,271,0,defect,3.0,wolf_phc
ChrisTesting3AgentsTrialsNo3,5,271,1,cooperate,0.0,wolf_phc
ChrisTesting3AgentsTrialsNo3,5,271,2,defect,3.0,wolf_phc
ChrisTesting3AgentsTrialsNo3,5,272,0,cooperate,3.0,wolf_phc
ChrisTesting3AgentsTrialsNo3,5,272,1,cooperate,3.0,wolf_phc
ChrisTesting3AgentsTrialsNo3,5,272,2,cooperate,3.0,wolf_phc
ChrisTesting3AgentsTrialsNo3,5,273,0,defect,5.0,wolf_phc
ChrisTesting3AgentsTrialsNo3,5,273,1,cooperate,1.5,wolf_phc
ChrisTesting3AgentsTrialsNo3,5,273,2,cooperate,1.5,wolf_phc
ChrisTesting3AgentsTrialsNo3,5,274,0,cooperate,3.0,wolf_phc
ChrisTesting3AgentsTrialsNo3,5,274,1,cooperate,3.0,wolf_phc
ChrisTesting3AgentsTrialsNo3,5,274,2,cooperate,3.0,wolf_phc
ChrisTesting3AgentsTrialsNo3,5,275,0,defect,5.0,wolf_phc
ChrisTesting3AgentsTrialsNo3,5,275,1,cooperate,1.5,wolf_phc
ChrisTesting3AgentsTrialsNo3,5,275,2,cooperate,1.5,wolf_phc
ChrisTesting3AgentsTrialsNo3,5,276,0,defect,5.0,wolf_phc
ChrisTesting3AgentsTrialsNo3,5,276,1,cooperate,1.5,wolf_phc
ChrisTesting3AgentsTrialsNo3,5,276,2,cooperate,1.5,wolf_phc
ChrisTesting3AgentsTrialsNo3,5,277,0,defect,5.0,wolf_phc
ChrisTesting3AgentsTrialsNo3,5,277,1,cooperate,1.5,wolf_phc
ChrisTesting3AgentsTrialsNo3,5,277,2,cooperate,1.5,wolf_phc
ChrisTesting3AgentsTrialsNo3,5,278,0,defect,5.0,wolf_phc
ChrisTesting3AgentsTrialsNo3,5,278,1,cooperate,1.5,wolf_phc
ChrisTesting3AgentsTrialsNo3,5,278,2,cooperate,1.5,wolf_phc
ChrisTesting3AgentsTrialsNo3,5,279,0,defect,5.0,wolf_phc
ChrisTesting3AgentsTrialsNo3,5,279,1,cooperate,1.5,wolf_phc
ChrisTesting3AgentsTrialsNo3,5,279,2,cooperate,1.5,wolf_phc
ChrisTesting3AgentsTrialsNo3,5,280,0,defect,5.0,wolf_phc
ChrisTesting3AgentsTrialsNo3,5,280,1,cooperate,1.5,wolf_phc
ChrisTesting3AgentsTrialsNo3,5,280,2,cooperate,1.5,wolf_phc
ChrisTesting3AgentsTrialsNo3,5,281,0,defect,5.0,wolf_phc
ChrisTesting3AgentsTrialsNo3,5,281,1,cooperate,1.5,wolf_phc
ChrisTesting3AgentsTrialsNo3,5,281,2,cooperate,1.5,wolf_phc
ChrisTesting3AgentsTrialsNo3,5,282,0,defect,5.0,wolf_phc
ChrisTesting3AgentsTrialsNo3,5,282,1,cooperate,1.5,wolf_phc
ChrisTesting3AgentsTrialsNo3,5,282,2,cooperate,1.5,wolf_phc
ChrisTesting3AgentsTrialsNo3,5,283,0,defect,5.0,wolf_phc
ChrisTesting3AgentsTrialsNo3,5,283,1,cooperate,1.5,wolf_phc
ChrisTesting3AgentsTrialsNo3,5,283,2,cooperate,1.5,wolf_phc
ChrisTesting3AgentsTrialsNo3,5,284,0,defect,5.0,wolf_phc
ChrisTesting3AgentsTrialsNo3,5,284,1,cooperate,1.5,wolf_phc
ChrisTesting3AgentsTrialsNo3,5,284,2,cooperate,1.5,wolf_phc
ChrisTesting3AgentsTrialsNo3,5,285,0,defect,5.0,wolf_phc
ChrisTesting3AgentsTrialsNo3,5,285,1,cooperate,1.5,wolf_phc
ChrisTesting3AgentsTrialsNo3,5,285,2,cooperate,1.5,wolf_phc
ChrisTesting3AgentsTrialsNo3,5,286,0,defect,5.0,wolf_phc
ChrisTesting3AgentsTrialsNo3,5,286,1,cooperate,1.5,wolf_phc
ChrisTesting3AgentsTrialsNo3,5,286,2,cooperate,1.5,wolf_phc
ChrisTesting3AgentsTrialsNo3,5,287,0,defect,5.0,wolf_phc
ChrisTesting3AgentsTrialsNo3,5,287,1,cooperate,1.5,wolf_phc
ChrisTesting3AgentsTrialsNo3,5,287,2,cooperate,1.5,wolf_phc
ChrisTesting3AgentsTrialsNo3,5,288,0,defect,5.0,wolf_phc
ChrisTesting3AgentsTrialsNo3,5,288,1,cooperate,1.5,wolf_phc
ChrisTesting3AgentsTrialsNo3,5,288,2,cooperate,1.5,wolf_phc
ChrisTesting3AgentsTrialsNo3,5,289,0,defect,5.0,wolf_phc
ChrisTesting3AgentsTrialsNo3,5,289,1,cooperate,1.5,wolf_phc
ChrisTesting3AgentsTrialsNo3,5,289,2,cooperate,1.5,wolf_phc
ChrisTesting3AgentsTrialsNo3,5,290,0,defect,5.0,wolf_phc
ChrisTesting3AgentsTrialsNo3,5,290,1,cooperate,1.5,wolf_phc
ChrisTesting3AgentsTrialsNo3,5,290,2,cooperate,1.5,wolf_phc
ChrisTesting3AgentsTrialsNo3,5,291,0,defect,5.0,wolf_phc
ChrisTesting3AgentsTrialsNo3,5,291,1,cooperate,1.5,wolf_phc
ChrisTesting3AgentsTrialsNo3,5,291,2,cooperate,1.5,wolf_phc
ChrisTesting3AgentsTrialsNo3,5,292,0,defect,5.0,wolf_phc
ChrisTesting3AgentsTrialsNo3,5,292,1,cooperate,1.5,wolf_phc
ChrisTesting3AgentsTrialsNo3,5,292,2,cooperate,1.5,wolf_phc
ChrisTesting3AgentsTrialsNo3,5,293,0,defect,5.0,wolf_phc
ChrisTesting3AgentsTrialsNo3,5,293,1,cooperate,1.5,wolf_phc
ChrisTesting3AgentsTrialsNo3,5,293,2,cooperate,1.5,wolf_phc
ChrisTesting3AgentsTrialsNo3,5,294,0,cooperate,3.0,wolf_phc
ChrisTesting3AgentsTrialsNo3,5,294,1,cooperate,3.0,wolf_phc
ChrisTesting3AgentsTrialsNo3,5,294,2,cooperate,3.0,wolf_phc
ChrisTesting3AgentsTrialsNo3,5,295,0,defect,5.0,wolf_phc
ChrisTesting3AgentsTrialsNo3,5,295,1,cooperate,1.5,wolf_phc
ChrisTesting3AgentsTrialsNo3,5,295,2,cooperate,1.5,wolf_phc
ChrisTesting3AgentsTrialsNo3,5,296,0,defect,5.0,wolf_phc
ChrisTesting3AgentsTrialsNo3,5,296,1,cooperate,1.5,wolf_phc
ChrisTesting3AgentsTrialsNo3,5,296,2,cooperate,1.5,wolf_phc
ChrisTesting3AgentsTrialsNo3,5,297,0,defect,3.0,wolf_phc
ChrisTesting3AgentsTrialsNo3,5,297,1,defect,3.0,wolf_phc
ChrisTesting3AgentsTrialsNo3,5,297,2,cooperate,0.0,wolf_phc
ChrisTesting3AgentsTrialsNo3,5,298,0,cooperate,3.0,wolf_phc
ChrisTesting3AgentsTrialsNo3,5,298,1,cooperate,3.0,wolf_phc
ChrisTesting3AgentsTrialsNo3,5,298,2,cooperate,3.0,wolf_phc
ChrisTesting3AgentsTrialsNo3,5,299,0,defect,5.0,wolf_phc
ChrisTesting3AgentsTrialsNo3,5,299,1,cooperate,1.5,wolf_phc
ChrisTesting3AgentsTrialsNo3,5,299,2,cooperate,1.5,wolf_phc
ChrisTesting3AgentsTrialsNo3,5,300,0,defect,5.0,wolf_phc
ChrisTesting3AgentsTrialsNo3,5,300,1,cooperate,1.5,wolf_phc
ChrisTesting3AgentsTrialsNo3,5,300,2,cooperate,1.5,wolf_phc
ChrisTesting3AgentsTrialsNo3,5,301,0,defect,5.0,wolf_phc
ChrisTesting3AgentsTrialsNo3,5,301,1,cooperate,1.5,wolf_phc
ChrisTesting3AgentsTrialsNo3,5,301,2,cooperate,1.5,wolf_phc
ChrisTesting3AgentsTrialsNo3,5,302,0,defect,5.0,wolf_phc
ChrisTesting3AgentsTrialsNo3,5,302,1,cooperate,1.5,wolf_phc
ChrisTesting3AgentsTrialsNo3,5,302,2,cooperate,1.5,wolf_phc
ChrisTesting3AgentsTrialsNo3,5,303,0,defect,5.0,wolf_phc
ChrisTesting3AgentsTrialsNo3,5,303,1,cooperate,1.5,wolf_phc
ChrisTesting3AgentsTrialsNo3,5,303,2,cooperate,1.5,wolf_phc
ChrisTesting3AgentsTrialsNo3,5,304,0,defect,5.0,wolf_phc
ChrisTesting3AgentsTrialsNo3,5,304,1,cooperate,1.5,wolf_phc
ChrisTesting3AgentsTrialsNo3,5,304,2,cooperate,1.5,wolf_phc
ChrisTesting3AgentsTrialsNo3,5,305,0,defect,5.0,wolf_phc
ChrisTesting3AgentsTrialsNo3,5,305,1,cooperate,1.5,wolf_phc
ChrisTesting3AgentsTrialsNo3,5,305,2,cooperate,1.5,wolf_phc
ChrisTesting3AgentsTrialsNo3,5,306,0,defect,5.0,wolf_phc
ChrisTesting3AgentsTrialsNo3,5,306,1,cooperate,1.5,wolf_phc
ChrisTesting3AgentsTrialsNo3,5,306,2,cooperate,1.5,wolf_phc
ChrisTesting3AgentsTrialsNo3,5,307,0,defect,5.0,wolf_phc
ChrisTesting3AgentsTrialsNo3,5,307,1,cooperate,1.5,wolf_phc
ChrisTesting3AgentsTrialsNo3,5,307,2,cooperate,1.5,wolf_phc
ChrisTesting3AgentsTrialsNo3,5,308,0,defect,5.0,wolf_phc
ChrisTesting3AgentsTrialsNo3,5,308,1,cooperate,1.5,wolf_phc
ChrisTesting3AgentsTrialsNo3,5,308,2,cooperate,1.5,wolf_phc
ChrisTesting3AgentsTrialsNo3,5,309,0,defect,3.0,wolf_phc
ChrisTesting3AgentsTrialsNo3,5,309,1,cooperate,0.0,wolf_phc
ChrisTesting3AgentsTrialsNo3,5,309,2,defect,3.0,wolf_phc
ChrisTesting3AgentsTrialsNo3,5,310,0,cooperate,3.0,wolf_phc
ChrisTesting3AgentsTrialsNo3,5,310,1,cooperate,3.0,wolf_phc
ChrisTesting3AgentsTrialsNo3,5,310,2,cooperate,3.0,wolf_phc
ChrisTesting3AgentsTrialsNo3,5,311,0,defect,5.0,wolf_phc
ChrisTesting3AgentsTrialsNo3,5,311,1,cooperate,1.5,wolf_phc
ChrisTesting3AgentsTrialsNo3,5,311,2,cooperate,1.5,wolf_phc
ChrisTesting3AgentsTrialsNo3,5,312,0,defect,5.0,wolf_phc
ChrisTesting3AgentsTrialsNo3,5,312,1,cooperate,1.5,wolf_phc
ChrisTesting3AgentsTrialsNo3,5,312,2,cooperate,1.5,wolf_phc
ChrisTesting3AgentsTrialsNo3,5,313,0,defect,5.0,wolf_phc
ChrisTesting3AgentsTrialsNo3,5,313,1,cooperate,1.5,wolf_phc
ChrisTesting3AgentsTrialsNo3,5,313,2,cooperate,1.5,wolf_phc
ChrisTesting3AgentsTrialsNo3,5,314,0,defect,5.0,wolf_phc
ChrisTesting3AgentsTrialsNo3,5,314,1,cooperate,1.5,wolf_phc
ChrisTesting3AgentsTrialsNo3,5,314,2,cooperate,1.5,wolf_phc
ChrisTesting3AgentsTrialsNo3,5,315,0,defect,5.0,wolf_phc
ChrisTesting3AgentsTrialsNo3,5,315,1,cooperate,1.5,wolf_phc
ChrisTesting3AgentsTrialsNo3,5,315,2,cooperate,1.5,wolf_phc
ChrisTesting3AgentsTrialsNo3,5,316,0,defect,5.0,wolf_phc
ChrisTesting3AgentsTrialsNo3,5,316,1,cooperate,1.5,wolf_phc
ChrisTesting3AgentsTrialsNo3,5,316,2,cooperate,1.5,wolf_phc
ChrisTesting3AgentsTrialsNo3,5,317,0,defect,5.0,wolf_phc
ChrisTesting3AgentsTrialsNo3,5,317,1,cooperate,1.5,wolf_phc
ChrisTesting3AgentsTrialsNo3,5,317,2,cooperate,1.5,wolf_phc
ChrisTesting3AgentsTrialsNo3,5,318,0,defect,5.0,wolf_phc
ChrisTesting3AgentsTrialsNo3,5,318,1,cooperate,1.5,wolf_phc
ChrisTesting3AgentsTrialsNo3,5,318,2,cooperate,1.5,wolf_phc
ChrisTesting3AgentsTrialsNo3,5,319,0,defect,5.0,wolf_phc
ChrisTesting3AgentsTrialsNo3,5,319,1,cooperate,1.5,wolf_phc
ChrisTesting3AgentsTrialsNo3,5,319,2,cooperate,1.5,wolf_phc
ChrisTesting3AgentsTrialsNo3,5,320,0,defect,5.0,wolf_phc
ChrisTesting3AgentsTrialsNo3,5,320,1,cooperate,1.5,wolf_phc
ChrisTesting3AgentsTrialsNo3,5,320,2,cooperate,1.5,wolf_phc
ChrisTesting3AgentsTrialsNo3,5,321,0,defect,5.0,wolf_phc
ChrisTesting3AgentsTrialsNo3,5,321,1,cooperate,1.5,wolf_phc
ChrisTesting3AgentsTrialsNo3,5,321,2,cooperate,1.5,wolf_phc
ChrisTesting3AgentsTrialsNo3,5,322,0,defect,5.0,wolf_phc
ChrisTesting3AgentsTrialsNo3,5,322,1,cooperate,1.5,wolf_phc
ChrisTesting3AgentsTrialsNo3,5,322,2,cooperate,1.5,wolf_phc
ChrisTesting3AgentsTrialsNo3,5,323,0,defect,5.0,wolf_phc
ChrisTesting3AgentsTrialsNo3,5,323,1,cooperate,1.5,wolf_phc
ChrisTesting3AgentsTrialsNo3,5,323,2,cooperate,1.5,wolf_phc
ChrisTesting3AgentsTrialsNo3,5,324,0,defect,3.0,wolf_phc
ChrisTesting3AgentsTrialsNo3,5,324,1,cooperate,0.0,wolf_phc
ChrisTesting3AgentsTrialsNo3,5,324,2,defect,3.0,wolf_phc
ChrisTesting3AgentsTrialsNo3,5,325,0,cooperate,3.0,wolf_phc
ChrisTesting3AgentsTrialsNo3,5,325,1,cooperate,3.0,wolf_phc
ChrisTesting3AgentsTrialsNo3,5,325,2,cooperate,3.0,wolf_phc
ChrisTesting3AgentsTrialsNo3,5,326,0,defect,5.0,wolf_phc
ChrisTesting3AgentsTrialsNo3,5,326,1,cooperate,1.5,wolf_phc
ChrisTesting3AgentsTrialsNo3,5,326,2,cooperate,1.5,wolf_phc
ChrisTesting3AgentsTrialsNo3,5,327,0,defect,5.0,wolf_phc
ChrisTesting3AgentsTrialsNo3,5,327,1,cooperate,1.5,wolf_phc
ChrisTesting3AgentsTrialsNo3,5,327,2,cooperate,1.5,wolf_phc
ChrisTesting3AgentsTrialsNo3,5,328,0,defect,5.0,wolf_phc
ChrisTesting3AgentsTrialsNo3,5,328,1,cooperate,1.5,wolf_phc
ChrisTesting3AgentsTrialsNo3,5,328,2,cooperate,1.5,wolf_phc
ChrisTesting3AgentsTrialsNo3,5,329,0,defect,5.0,wolf_phc
ChrisTesting3AgentsTrialsNo3,5,329,1,cooperate,1.5,wolf_phc
ChrisTesting3AgentsTrialsNo3,5,329,2,cooperate,1.5,wolf_phc
ChrisTesting3AgentsTrialsNo3,5,330,0,defect,5.0,wolf_phc
ChrisTesting3AgentsTrialsNo3,5,330,1,cooperate,1.5,wolf_phc
ChrisTesting3AgentsTrialsNo3,5,330,2,cooperate,1.5,wolf_phc
ChrisTesting3AgentsTrialsNo3,5,331,0,defect,3.0,wolf_phc
ChrisTesting3AgentsTrialsNo3,5,331,1,cooperate,0.0,wolf_phc
ChrisTesting3AgentsTrialsNo3,5,331,2,defect,3.0,wolf_phc
ChrisTesting3AgentsTrialsNo3,5,332,0,cooperate,3.0,wolf_phc
ChrisTesting3AgentsTrialsNo3,5,332,1,cooperate,3.0,wolf_phc
ChrisTesting3AgentsTrialsNo3,5,332,2,cooperate,3.0,wolf_phc
ChrisTesting3AgentsTrialsNo3,5,333,0,defect,5.0,wolf_phc
ChrisTesting3AgentsTrialsNo3,5,333,1,cooperate,1.5,wolf_phc
ChrisTesting3AgentsTrialsNo3,5,333,2,cooperate,1.5,wolf_phc
ChrisTesting3AgentsTrialsNo3,5,334,0,defect,5.0,wolf_phc
ChrisTesting3AgentsTrialsNo3,5,334,1,cooperate,1.5,wolf_phc
ChrisTesting3AgentsTrialsNo3,5,334,2,cooperate,1.5,wolf_phc
ChrisTesting3AgentsTrialsNo3,5,335,0,defect,5.0,wolf_phc
ChrisTesting3AgentsTrialsNo3,5,335,1,cooperate,1.5,wolf_phc
ChrisTesting3AgentsTrialsNo3,5,335,2,cooperate,1.5,wolf_phc
ChrisTesting3AgentsTrialsNo3,5,336,0,defect,5.0,wolf_phc
ChrisTesting3AgentsTrialsNo3,5,336,1,cooperate,1.5,wolf_phc
ChrisTesting3AgentsTrialsNo3,5,336,2,cooperate,1.5,wolf_phc
ChrisTesting3AgentsTrialsNo3,5,337,0,defect,5.0,wolf_phc
ChrisTesting3AgentsTrialsNo3,5,337,1,cooperate,1.5,wolf_phc
ChrisTesting3AgentsTrialsNo3,5,337,2,cooperate,1.5,wolf_phc
ChrisTesting3AgentsTrialsNo3,5,338,0,defect,5.0,wolf_phc
ChrisTesting3AgentsTrialsNo3,5,338,1,cooperate,1.5,wolf_phc
ChrisTesting3AgentsTrialsNo3,5,338,2,cooperate,1.5,wolf_phc
ChrisTesting3AgentsTrialsNo3,5,339,0,defect,5.0,wolf_phc
ChrisTesting3AgentsTrialsNo3,5,339,1,cooperate,1.5,wolf_phc
ChrisTesting3AgentsTrialsNo3,5,339,2,cooperate,1.5,wolf_phc
ChrisTesting3AgentsTrialsNo3,5,340,0,defect,5.0,wolf_phc
ChrisTesting3AgentsTrialsNo3,5,340,1,cooperate,1.5,wolf_phc
ChrisTesting3AgentsTrialsNo3,5,340,2,cooperate,1.5,wolf_phc
ChrisTesting3AgentsTrialsNo3,5,341,0,defect,5.0,wolf_phc
ChrisTesting3AgentsTrialsNo3,5,341,1,cooperate,1.5,wolf_phc
ChrisTesting3AgentsTrialsNo3,5,341,2,cooperate,1.5,wolf_phc
ChrisTesting3AgentsTrialsNo3,5,342,0,defect,5.0,wolf_phc
ChrisTesting3AgentsTrialsNo3,5,342,1,cooperate,1.5,wolf_phc
ChrisTesting3AgentsTrialsNo3,5,342,2,cooperate,1.5,wolf_phc
ChrisTesting3AgentsTrialsNo3,5,343,0,defect,5.0,wolf_phc
ChrisTesting3AgentsTrialsNo3,5,343,1,cooperate,1.5,wolf_phc
ChrisTesting3AgentsTrialsNo3,5,343,2,cooperate,1.5,wolf_phc
ChrisTesting3AgentsTrialsNo3,5,344,0,defect,5.0,wolf_phc
ChrisTesting3AgentsTrialsNo3,5,344,1,cooperate,1.5,wolf_phc
ChrisTesting3AgentsTrialsNo3,5,344,2,cooperate,1.5,wolf_phc
ChrisTesting3AgentsTrialsNo3,5,345,0,defect,5.0,wolf_phc
ChrisTesting3AgentsTrialsNo3,5,345,1,cooperate,1.5,wolf_phc
ChrisTesting3AgentsTrialsNo3,5,345,2,cooperate,1.5,wolf_phc
ChrisTesting3AgentsTrialsNo3,5,346,0,defect,5.0,wolf_phc
ChrisTesting3AgentsTrialsNo3,5,346,1,cooperate,1.5,wolf_phc
ChrisTesting3AgentsTrialsNo3,5,346,2,cooperate,1.5,wolf_phc
ChrisTesting3AgentsTrialsNo3,5,347,0,defect,5.0,wolf_phc
ChrisTesting3AgentsTrialsNo3,5,347,1,cooperate,1.5,wolf_phc
ChrisTesting3AgentsTrialsNo3,5,347,2,cooperate,1.5,wolf_phc
ChrisTesting3AgentsTrialsNo3,5,348,0,defect,5.0,wolf_phc
ChrisTesting3AgentsTrialsNo3,5,348,1,cooperate,1.5,wolf_phc
ChrisTesting3AgentsTrialsNo3,5,348,2,cooperate,1.5,wolf_phc
ChrisTesting3AgentsTrialsNo3,5,349,0,defect,5.0,wolf_phc
ChrisTesting3AgentsTrialsNo3,5,349,1,cooperate,1.5,wolf_phc
ChrisTesting3AgentsTrialsNo3,5,349,2,cooperate,1.5,wolf_phc
ChrisTesting3AgentsTrialsNo3,5,350,0,defect,5.0,wolf_phc
ChrisTesting3AgentsTrialsNo3,5,350,1,cooperate,1.5,wolf_phc
ChrisTesting3AgentsTrialsNo3,5,350,2,cooperate,1.5,wolf_phc
ChrisTesting3AgentsTrialsNo3,5,351,0,defect,5.0,wolf_phc
ChrisTesting3AgentsTrialsNo3,5,351,1,cooperate,1.5,wolf_phc
ChrisTesting3AgentsTrialsNo3,5,351,2,cooperate,1.5,wolf_phc
ChrisTesting3AgentsTrialsNo3,5,352,0,defect,5.0,wolf_phc
ChrisTesting3AgentsTrialsNo3,5,352,1,cooperate,1.5,wolf_phc
ChrisTesting3AgentsTrialsNo3,5,352,2,cooperate,1.5,wolf_phc
ChrisTesting3AgentsTrialsNo3,5,353,0,defect,5.0,wolf_phc
ChrisTesting3AgentsTrialsNo3,5,353,1,cooperate,1.5,wolf_phc
ChrisTesting3AgentsTrialsNo3,5,353,2,cooperate,1.5,wolf_phc
ChrisTesting3AgentsTrialsNo3,5,354,0,defect,5.0,wolf_phc
ChrisTesting3AgentsTrialsNo3,5,354,1,cooperate,1.5,wolf_phc
ChrisTesting3AgentsTrialsNo3,5,354,2,cooperate,1.5,wolf_phc
ChrisTesting3AgentsTrialsNo3,5,355,0,defect,5.0,wolf_phc
ChrisTesting3AgentsTrialsNo3,5,355,1,cooperate,1.5,wolf_phc
ChrisTesting3AgentsTrialsNo3,5,355,2,cooperate,1.5,wolf_phc
ChrisTesting3AgentsTrialsNo3,5,356,0,defect,5.0,wolf_phc
ChrisTesting3AgentsTrialsNo3,5,356,1,cooperate,1.5,wolf_phc
ChrisTesting3AgentsTrialsNo3,5,356,2,cooperate,1.5,wolf_phc
ChrisTesting3AgentsTrialsNo3,5,357,0,defect,5.0,wolf_phc
ChrisTesting3AgentsTrialsNo3,5,357,1,cooperate,1.5,wolf_phc
ChrisTesting3AgentsTrialsNo3,5,357,2,cooperate,1.5,wolf_phc
ChrisTesting3AgentsTrialsNo3,5,358,0,defect,5.0,wolf_phc
ChrisTesting3AgentsTrialsNo3,5,358,1,cooperate,1.5,wolf_phc
ChrisTesting3AgentsTrialsNo3,5,358,2,cooperate,1.5,wolf_phc
ChrisTesting3AgentsTrialsNo3,5,359,0,defect,5.0,wolf_phc
ChrisTesting3AgentsTrialsNo3,5,359,1,cooperate,1.5,wolf_phc
ChrisTesting3AgentsTrialsNo3,5,359,2,cooperate,1.5,wolf_phc
ChrisTesting3AgentsTrialsNo3,5,360,0,defect,5.0,wolf_phc
ChrisTesting3AgentsTrialsNo3,5,360,1,cooperate,1.5,wolf_phc
ChrisTesting3AgentsTrialsNo3,5,360,2,cooperate,1.5,wolf_phc
ChrisTesting3AgentsTrialsNo3,5,361,0,defect,5.0,wolf_phc
ChrisTesting3AgentsTrialsNo3,5,361,1,cooperate,1.5,wolf_phc
ChrisTesting3AgentsTrialsNo3,5,361,2,cooperate,1.5,wolf_phc
ChrisTesting3AgentsTrialsNo3,5,362,0,defect,5.0,wolf_phc
ChrisTesting3AgentsTrialsNo3,5,362,1,cooperate,1.5,wolf_phc
ChrisTesting3AgentsTrialsNo3,5,362,2,cooperate,1.5,wolf_phc
ChrisTesting3AgentsTrialsNo3,5,363,0,defect,5.0,wolf_phc
ChrisTesting3AgentsTrialsNo3,5,363,1,cooperate,1.5,wolf_phc
ChrisTesting3AgentsTrialsNo3,5,363,2,cooperate,1.5,wolf_phc
ChrisTesting3AgentsTrialsNo3,5,364,0,defect,5.0,wolf_phc
ChrisTesting3AgentsTrialsNo3,5,364,1,cooperate,1.5,wolf_phc
ChrisTesting3AgentsTrialsNo3,5,364,2,cooperate,1.5,wolf_phc
ChrisTesting3AgentsTrialsNo3,5,365,0,defect,5.0,wolf_phc
ChrisTesting3AgentsTrialsNo3,5,365,1,cooperate,1.5,wolf_phc
ChrisTesting3AgentsTrialsNo3,5,365,2,cooperate,1.5,wolf_phc
ChrisTesting3AgentsTrialsNo3,5,366,0,cooperate,3.0,wolf_phc
ChrisTesting3AgentsTrialsNo3,5,366,1,cooperate,3.0,wolf_phc
ChrisTesting3AgentsTrialsNo3,5,366,2,cooperate,3.0,wolf_phc
ChrisTesting3AgentsTrialsNo3,5,367,0,defect,5.0,wolf_phc
ChrisTesting3AgentsTrialsNo3,5,367,1,cooperate,1.5,wolf_phc
ChrisTesting3AgentsTrialsNo3,5,367,2,cooperate,1.5,wolf_phc
ChrisTesting3AgentsTrialsNo3,5,368,0,defect,5.0,wolf_phc
ChrisTesting3AgentsTrialsNo3,5,368,1,cooperate,1.5,wolf_phc
ChrisTesting3AgentsTrialsNo3,5,368,2,cooperate,1.5,wolf_phc
ChrisTesting3AgentsTrialsNo3,5,369,0,defect,5.0,wolf_phc
ChrisTesting3AgentsTrialsNo3,5,369,1,cooperate,1.5,wolf_phc
ChrisTesting3AgentsTrialsNo3,5,369,2,cooperate,1.5,wolf_phc
ChrisTesting3AgentsTrialsNo3,5,370,0,defect,5.0,wolf_phc
ChrisTesting3AgentsTrialsNo3,5,370,1,cooperate,1.5,wolf_phc
ChrisTesting3AgentsTrialsNo3,5,370,2,cooperate,1.5,wolf_phc
ChrisTesting3AgentsTrialsNo3,5,371,0,defect,5.0,wolf_phc
ChrisTesting3AgentsTrialsNo3,5,371,1,cooperate,1.5,wolf_phc
ChrisTesting3AgentsTrialsNo3,5,371,2,cooperate,1.5,wolf_phc
ChrisTesting3AgentsTrialsNo3,5,372,0,defect,5.0,wolf_phc
ChrisTesting3AgentsTrialsNo3,5,372,1,cooperate,1.5,wolf_phc
ChrisTesting3AgentsTrialsNo3,5,372,2,cooperate,1.5,wolf_phc
ChrisTesting3AgentsTrialsNo3,5,373,0,defect,5.0,wolf_phc
ChrisTesting3AgentsTrialsNo3,5,373,1,cooperate,1.5,wolf_phc
ChrisTesting3AgentsTrialsNo3,5,373,2,cooperate,1.5,wolf_phc
ChrisTesting3AgentsTrialsNo3,5,374,0,defect,5.0,wolf_phc
ChrisTesting3AgentsTrialsNo3,5,374,1,cooperate,1.5,wolf_phc
ChrisTesting3AgentsTrialsNo3,5,374,2,cooperate,1.5,wolf_phc
ChrisTesting3AgentsTrialsNo3,5,375,0,defect,5.0,wolf_phc
ChrisTesting3AgentsTrialsNo3,5,375,1,cooperate,1.5,wolf_phc
ChrisTesting3AgentsTrialsNo3,5,375,2,cooperate,1.5,wolf_phc
ChrisTesting3AgentsTrialsNo3,5,376,0,defect,5.0,wolf_phc
ChrisTesting3AgentsTrialsNo3,5,376,1,cooperate,1.5,wolf_phc
ChrisTesting3AgentsTrialsNo3,5,376,2,cooperate,1.5,wolf_phc
ChrisTesting3AgentsTrialsNo3,5,377,0,defect,5.0,wolf_phc
ChrisTesting3AgentsTrialsNo3,5,377,1,cooperate,1.5,wolf_phc
ChrisTesting3AgentsTrialsNo3,5,377,2,cooperate,1.5,wolf_phc
ChrisTesting3AgentsTrialsNo3,5,378,0,defect,5.0,wolf_phc
ChrisTesting3AgentsTrialsNo3,5,378,1,cooperate,1.5,wolf_phc
ChrisTesting3AgentsTrialsNo3,5,378,2,cooperate,1.5,wolf_phc
ChrisTesting3AgentsTrialsNo3,5,379,0,defect,5.0,wolf_phc
ChrisTesting3AgentsTrialsNo3,5,379,1,cooperate,1.5,wolf_phc
ChrisTesting3AgentsTrialsNo3,5,379,2,cooperate,1.5,wolf_phc
ChrisTesting3AgentsTrialsNo3,5,380,0,defect,5.0,wolf_phc
ChrisTesting3AgentsTrialsNo3,5,380,1,cooperate,1.5,wolf_phc
ChrisTesting3AgentsTrialsNo3,5,380,2,cooperate,1.5,wolf_phc
ChrisTesting3AgentsTrialsNo3,5,381,0,defect,5.0,wolf_phc
ChrisTesting3AgentsTrialsNo3,5,381,1,cooperate,1.5,wolf_phc
ChrisTesting3AgentsTrialsNo3,5,381,2,cooperate,1.5,wolf_phc
ChrisTesting3AgentsTrialsNo3,5,382,0,defect,5.0,wolf_phc
ChrisTesting3AgentsTrialsNo3,5,382,1,cooperate,1.5,wolf_phc
ChrisTesting3AgentsTrialsNo3,5,382,2,cooperate,1.5,wolf_phc
ChrisTesting3AgentsTrialsNo3,5,383,0,defect,5.0,wolf_phc
ChrisTesting3AgentsTrialsNo3,5,383,1,cooperate,1.5,wolf_phc
ChrisTesting3AgentsTrialsNo3,5,383,2,cooperate,1.5,wolf_phc
ChrisTesting3AgentsTrialsNo3,5,384,0,defect,5.0,wolf_phc
ChrisTesting3AgentsTrialsNo3,5,384,1,cooperate,1.5,wolf_phc
ChrisTesting3AgentsTrialsNo3,5,384,2,cooperate,1.5,wolf_phc
ChrisTesting3AgentsTrialsNo3,5,385,0,defect,5.0,wolf_phc
ChrisTesting3AgentsTrialsNo3,5,385,1,cooperate,1.5,wolf_phc
ChrisTesting3AgentsTrialsNo3,5,385,2,cooperate,1.5,wolf_phc
ChrisTesting3AgentsTrialsNo3,5,386,0,defect,5.0,wolf_phc
ChrisTesting3AgentsTrialsNo3,5,386,1,cooperate,1.5,wolf_phc
ChrisTesting3AgentsTrialsNo3,5,386,2,cooperate,1.5,wolf_phc
ChrisTesting3AgentsTrialsNo3,5,387,0,defect,5.0,wolf_phc
ChrisTesting3AgentsTrialsNo3,5,387,1,cooperate,1.5,wolf_phc
ChrisTesting3AgentsTrialsNo3,5,387,2,cooperate,1.5,wolf_phc
ChrisTesting3AgentsTrialsNo3,5,388,0,defect,5.0,wolf_phc
ChrisTesting3AgentsTrialsNo3,5,388,1,cooperate,1.5,wolf_phc
ChrisTesting3AgentsTrialsNo3,5,388,2,cooperate,1.5,wolf_phc
ChrisTesting3AgentsTrialsNo3,5,389,0,cooperate,3.0,wolf_phc
ChrisTesting3AgentsTrialsNo3,5,389,1,cooperate,3.0,wolf_phc
ChrisTesting3AgentsTrialsNo3,5,389,2,cooperate,3.0,wolf_phc
ChrisTesting3AgentsTrialsNo3,5,390,0,defect,5.0,wolf_phc
ChrisTesting3AgentsTrialsNo3,5,390,1,cooperate,1.5,wolf_phc
ChrisTesting3AgentsTrialsNo3,5,390,2,cooperate,1.5,wolf_phc
ChrisTesting3AgentsTrialsNo3,5,391,0,defect,5.0,wolf_phc
ChrisTesting3AgentsTrialsNo3,5,391,1,cooperate,1.5,wolf_phc
ChrisTesting3AgentsTrialsNo3,5,391,2,cooperate,1.5,wolf_phc
ChrisTesting3AgentsTrialsNo3,5,392,0,defect,5.0,wolf_phc
ChrisTesting3AgentsTrialsNo3,5,392,1,cooperate,1.5,wolf_phc
ChrisTesting3AgentsTrialsNo3,5,392,2,cooperate,1.5,wolf_phc
ChrisTesting3AgentsTrialsNo3,5,393,0,defect,5.0,wolf_phc
ChrisTesting3AgentsTrialsNo3,5,393,1,cooperate,1.5,wolf_phc
ChrisTesting3AgentsTrialsNo3,5,393,2,cooperate,1.5,wolf_phc
ChrisTesting3AgentsTrialsNo3,5,394,0,defect,5.0,wolf_phc
ChrisTesting3AgentsTrialsNo3,5,394,1,cooperate,1.5,wolf_phc
ChrisTesting3AgentsTrialsNo3,5,394,2,cooperate,1.5,wolf_phc
ChrisTesting3AgentsTrialsNo3,5,395,0,defect,5.0,wolf_phc
ChrisTesting3AgentsTrialsNo3,5,395,1,cooperate,1.5,wolf_phc
ChrisTesting3AgentsTrialsNo3,5,395,2,cooperate,1.5,wolf_phc
ChrisTesting3AgentsTrialsNo3,5,396,0,defect,5.0,wolf_phc
ChrisTesting3AgentsTrialsNo3,5,396,1,cooperate,1.5,wolf_phc
ChrisTesting3AgentsTrialsNo3,5,396,2,cooperate,1.5,wolf_phc
ChrisTesting3AgentsTrialsNo3,5,397,0,defect,5.0,wolf_phc
ChrisTesting3AgentsTrialsNo3,5,397,1,cooperate,1.5,wolf_phc
ChrisTesting3AgentsTrialsNo3,5,397,2,cooperate,1.5,wolf_phc
ChrisTesting3AgentsTrialsNo3,5,398,0,defect,5.0,wolf_phc
ChrisTesting3AgentsTrialsNo3,5,398,1,cooperate,1.5,wolf_phc
ChrisTesting3AgentsTrialsNo3,5,398,2,cooperate,1.5,wolf_phc
ChrisTesting3AgentsTrialsNo3,5,399,0,defect,3.0,wolf_phc
ChrisTesting3AgentsTrialsNo3,5,399,1,cooperate,0.0,wolf_phc
ChrisTesting3AgentsTrialsNo3,5,399,2,defect,3.0,wolf_phc
ChrisTesting3AgentsTrialsNo3,5,400,0,cooperate,3.0,wolf_phc
ChrisTesting3AgentsTrialsNo3,5,400,1,cooperate,3.0,wolf_phc
ChrisTesting3AgentsTrialsNo3,5,400,2,cooperate,3.0,wolf_phc
ChrisTesting3AgentsTrialsNo3,5,401,0,defect,5.0,wolf_phc
ChrisTesting3AgentsTrialsNo3,5,401,1,cooperate,1.5,wolf_phc
ChrisTesting3AgentsTrialsNo3,5,401,2,cooperate,1.5,wolf_phc
ChrisTesting3AgentsTrialsNo3,5,402,0,defect,5.0,wolf_phc
ChrisTesting3AgentsTrialsNo3,5,402,1,cooperate,1.5,wolf_phc
ChrisTesting3AgentsTrialsNo3,5,402,2,cooperate,1.5,wolf_phc
ChrisTesting3AgentsTrialsNo3,5,403,0,defect,5.0,wolf_phc
ChrisTesting3AgentsTrialsNo3,5,403,1,cooperate,1.5,wolf_phc
ChrisTesting3AgentsTrialsNo3,5,403,2,cooperate,1.5,wolf_phc
ChrisTesting3AgentsTrialsNo3,5,404,0,defect,5.0,wolf_phc
ChrisTesting3AgentsTrialsNo3,5,404,1,cooperate,1.5,wolf_phc
ChrisTesting3AgentsTrialsNo3,5,404,2,cooperate,1.5,wolf_phc
ChrisTesting3AgentsTrialsNo3,5,405,0,defect,5.0,wolf_phc
ChrisTesting3AgentsTrialsNo3,5,405,1,cooperate,1.5,wolf_phc
ChrisTesting3AgentsTrialsNo3,5,405,2,cooperate,1.5,wolf_phc
ChrisTesting3AgentsTrialsNo3,5,406,0,defect,5.0,wolf_phc
ChrisTesting3AgentsTrialsNo3,5,406,1,cooperate,1.5,wolf_phc
ChrisTesting3AgentsTrialsNo3,5,406,2,cooperate,1.5,wolf_phc
ChrisTesting3AgentsTrialsNo3,5,407,0,defect,5.0,wolf_phc
ChrisTesting3AgentsTrialsNo3,5,407,1,cooperate,1.5,wolf_phc
ChrisTesting3AgentsTrialsNo3,5,407,2,cooperate,1.5,wolf_phc
ChrisTesting3AgentsTrialsNo3,5,408,0,defect,5.0,wolf_phc
ChrisTesting3AgentsTrialsNo3,5,408,1,cooperate,1.5,wolf_phc
ChrisTesting3AgentsTrialsNo3,5,408,2,cooperate,1.5,wolf_phc
ChrisTesting3AgentsTrialsNo3,5,409,0,defect,5.0,wolf_phc
ChrisTesting3AgentsTrialsNo3,5,409,1,cooperate,1.5,wolf_phc
ChrisTesting3AgentsTrialsNo3,5,409,2,cooperate,1.5,wolf_phc
ChrisTesting3AgentsTrialsNo3,5,410,0,defect,5.0,wolf_phc
ChrisTesting3AgentsTrialsNo3,5,410,1,cooperate,1.5,wolf_phc
ChrisTesting3AgentsTrialsNo3,5,410,2,cooperate,1.5,wolf_phc
ChrisTesting3AgentsTrialsNo3,5,411,0,defect,5.0,wolf_phc
ChrisTesting3AgentsTrialsNo3,5,411,1,cooperate,1.5,wolf_phc
ChrisTesting3AgentsTrialsNo3,5,411,2,cooperate,1.5,wolf_phc
ChrisTesting3AgentsTrialsNo3,5,412,0,defect,5.0,wolf_phc
ChrisTesting3AgentsTrialsNo3,5,412,1,cooperate,1.5,wolf_phc
ChrisTesting3AgentsTrialsNo3,5,412,2,cooperate,1.5,wolf_phc
ChrisTesting3AgentsTrialsNo3,5,413,0,defect,5.0,wolf_phc
ChrisTesting3AgentsTrialsNo3,5,413,1,cooperate,1.5,wolf_phc
ChrisTesting3AgentsTrialsNo3,5,413,2,cooperate,1.5,wolf_phc
ChrisTesting3AgentsTrialsNo3,5,414,0,defect,5.0,wolf_phc
ChrisTesting3AgentsTrialsNo3,5,414,1,cooperate,1.5,wolf_phc
ChrisTesting3AgentsTrialsNo3,5,414,2,cooperate,1.5,wolf_phc
ChrisTesting3AgentsTrialsNo3,5,415,0,defect,5.0,wolf_phc
ChrisTesting3AgentsTrialsNo3,5,415,1,cooperate,1.5,wolf_phc
ChrisTesting3AgentsTrialsNo3,5,415,2,cooperate,1.5,wolf_phc
ChrisTesting3AgentsTrialsNo3,5,416,0,defect,5.0,wolf_phc
ChrisTesting3AgentsTrialsNo3,5,416,1,cooperate,1.5,wolf_phc
ChrisTesting3AgentsTrialsNo3,5,416,2,cooperate,1.5,wolf_phc
ChrisTesting3AgentsTrialsNo3,5,417,0,defect,5.0,wolf_phc
ChrisTesting3AgentsTrialsNo3,5,417,1,cooperate,1.5,wolf_phc
ChrisTesting3AgentsTrialsNo3,5,417,2,cooperate,1.5,wolf_phc
ChrisTesting3AgentsTrialsNo3,5,418,0,defect,5.0,wolf_phc
ChrisTesting3AgentsTrialsNo3,5,418,1,cooperate,1.5,wolf_phc
ChrisTesting3AgentsTrialsNo3,5,418,2,cooperate,1.5,wolf_phc
ChrisTesting3AgentsTrialsNo3,5,419,0,defect,5.0,wolf_phc
ChrisTesting3AgentsTrialsNo3,5,419,1,cooperate,1.5,wolf_phc
ChrisTesting3AgentsTrialsNo3,5,419,2,cooperate,1.5,wolf_phc
ChrisTesting3AgentsTrialsNo3,5,420,0,defect,3.0,wolf_phc
ChrisTesting3AgentsTrialsNo3,5,420,1,cooperate,0.0,wolf_phc
ChrisTesting3AgentsTrialsNo3,5,420,2,defect,3.0,wolf_phc
ChrisTesting3AgentsTrialsNo3,5,421,0,cooperate,3.0,wolf_phc
ChrisTesting3AgentsTrialsNo3,5,421,1,cooperate,3.0,wolf_phc
ChrisTesting3AgentsTrialsNo3,5,421,2,cooperate,3.0,wolf_phc
ChrisTesting3AgentsTrialsNo3,5,422,0,defect,5.0,wolf_phc
ChrisTesting3AgentsTrialsNo3,5,422,1,cooperate,1.5,wolf_phc
ChrisTesting3AgentsTrialsNo3,5,422,2,cooperate,1.5,wolf_phc
ChrisTesting3AgentsTrialsNo3,5,423,0,defect,5.0,wolf_phc
ChrisTesting3AgentsTrialsNo3,5,423,1,cooperate,1.5,wolf_phc
ChrisTesting3AgentsTrialsNo3,5,423,2,cooperate,1.5,wolf_phc
ChrisTesting3AgentsTrialsNo3,5,424,0,defect,5.0,wolf_phc
ChrisTesting3AgentsTrialsNo3,5,424,1,cooperate,1.5,wolf_phc
ChrisTesting3AgentsTrialsNo3,5,424,2,cooperate,1.5,wolf_phc
ChrisTesting3AgentsTrialsNo3,5,425,0,defect,5.0,wolf_phc
ChrisTesting3AgentsTrialsNo3,5,425,1,cooperate,1.5,wolf_phc
ChrisTesting3AgentsTrialsNo3,5,425,2,cooperate,1.5,wolf_phc
ChrisTesting3AgentsTrialsNo3,5,426,0,defect,5.0,wolf_phc
ChrisTesting3AgentsTrialsNo3,5,426,1,cooperate,1.5,wolf_phc
ChrisTesting3AgentsTrialsNo3,5,426,2,cooperate,1.5,wolf_phc
ChrisTesting3AgentsTrialsNo3,5,427,0,defect,3.0,wolf_phc
ChrisTesting3AgentsTrialsNo3,5,427,1,defect,3.0,wolf_phc
ChrisTesting3AgentsTrialsNo3,5,427,2,cooperate,0.0,wolf_phc
ChrisTesting3AgentsTrialsNo3,5,428,0,cooperate,3.0,wolf_phc
ChrisTesting3AgentsTrialsNo3,5,428,1,cooperate,3.0,wolf_phc
ChrisTesting3AgentsTrialsNo3,5,428,2,cooperate,3.0,wolf_phc
ChrisTesting3AgentsTrialsNo3,5,429,0,defect,5.0,wolf_phc
ChrisTesting3AgentsTrialsNo3,5,429,1,cooperate,1.5,wolf_phc
ChrisTesting3AgentsTrialsNo3,5,429,2,cooperate,1.5,wolf_phc
ChrisTesting3AgentsTrialsNo3,5,430,0,defect,5.0,wolf_phc
ChrisTesting3AgentsTrialsNo3,5,430,1,cooperate,1.5,wolf_phc
ChrisTesting3AgentsTrialsNo3,5,430,2,cooperate,1.5,wolf_phc
ChrisTesting3AgentsTrialsNo3,5,431,0,defect,5.0,wolf_phc
ChrisTesting3AgentsTrialsNo3,5,431,1,cooperate,1.5,wolf_phc
ChrisTesting3AgentsTrialsNo3,5,431,2,cooperate,1.5,wolf_phc
ChrisTesting3AgentsTrialsNo3,5,432,0,defect,5.0,wolf_phc
ChrisTesting3AgentsTrialsNo3,5,432,1,cooperate,1.5,wolf_phc
ChrisTesting3AgentsTrialsNo3,5,432,2,cooperate,1.5,wolf_phc
ChrisTesting3AgentsTrialsNo3,5,433,0,defect,5.0,wolf_phc
ChrisTesting3AgentsTrialsNo3,5,433,1,cooperate,1.5,wolf_phc
ChrisTesting3AgentsTrialsNo3,5,433,2,cooperate,1.5,wolf_phc
ChrisTesting3AgentsTrialsNo3,5,434,0,defect,5.0,wolf_phc
ChrisTesting3AgentsTrialsNo3,5,434,1,cooperate,1.5,wolf_phc
ChrisTesting3AgentsTrialsNo3,5,434,2,cooperate,1.5,wolf_phc
ChrisTesting3AgentsTrialsNo3,5,435,0,defect,5.0,wolf_phc
ChrisTesting3AgentsTrialsNo3,5,435,1,cooperate,1.5,wolf_phc
ChrisTesting3AgentsTrialsNo3,5,435,2,cooperate,1.5,wolf_phc
ChrisTesting3AgentsTrialsNo3,5,436,0,defect,5.0,wolf_phc
ChrisTesting3AgentsTrialsNo3,5,436,1,cooperate,1.5,wolf_phc
ChrisTesting3AgentsTrialsNo3,5,436,2,cooperate,1.5,wolf_phc
ChrisTesting3AgentsTrialsNo3,5,437,0,defect,5.0,wolf_phc
ChrisTesting3AgentsTrialsNo3,5,437,1,cooperate,1.5,wolf_phc
ChrisTesting3AgentsTrialsNo3,5,437,2,cooperate,1.5,wolf_phc
ChrisTesting3AgentsTrialsNo3,5,438,0,defect,5.0,wolf_phc
ChrisTesting3AgentsTrialsNo3,5,438,1,cooperate,1.5,wolf_phc
ChrisTesting3AgentsTrialsNo3,5,438,2,cooperate,1.5,wolf_phc
ChrisTesting3AgentsTrialsNo3,5,439,0,defect,5.0,wolf_phc
ChrisTesting3AgentsTrialsNo3,5,439,1,cooperate,1.5,wolf_phc
ChrisTesting3AgentsTrialsNo3,5,439,2,cooperate,1.5,wolf_phc
ChrisTesting3AgentsTrialsNo3,5,440,0,defect,5.0,wolf_phc
ChrisTesting3AgentsTrialsNo3,5,440,1,cooperate,1.5,wolf_phc
ChrisTesting3AgentsTrialsNo3,5,440,2,cooperate,1.5,wolf_phc
ChrisTesting3AgentsTrialsNo3,5,441,0,cooperate,3.0,wolf_phc
ChrisTesting3AgentsTrialsNo3,5,441,1,cooperate,3.0,wolf_phc
ChrisTesting3AgentsTrialsNo3,5,441,2,cooperate,3.0,wolf_phc
ChrisTesting3AgentsTrialsNo3,5,442,0,defect,5.0,wolf_phc
ChrisTesting3AgentsTrialsNo3,5,442,1,cooperate,1.5,wolf_phc
ChrisTesting3AgentsTrialsNo3,5,442,2,cooperate,1.5,wolf_phc
ChrisTesting3AgentsTrialsNo3,5,443,0,defect,5.0,wolf_phc
ChrisTesting3AgentsTrialsNo3,5,443,1,cooperate,1.5,wolf_phc
ChrisTesting3AgentsTrialsNo3,5,443,2,cooperate,1.5,wolf_phc
ChrisTesting3AgentsTrialsNo3,5,444,0,defect,5.0,wolf_phc
ChrisTesting3AgentsTrialsNo3,5,444,1,cooperate,1.5,wolf_phc
ChrisTesting3AgentsTrialsNo3,5,444,2,cooperate,1.5,wolf_phc
ChrisTesting3AgentsTrialsNo3,5,445,0,defect,5.0,wolf_phc
ChrisTesting3AgentsTrialsNo3,5,445,1,cooperate,1.5,wolf_phc
ChrisTesting3AgentsTrialsNo3,5,445,2,cooperate,1.5,wolf_phc
ChrisTesting3AgentsTrialsNo3,5,446,0,defect,5.0,wolf_phc
ChrisTesting3AgentsTrialsNo3,5,446,1,cooperate,1.5,wolf_phc
ChrisTesting3AgentsTrialsNo3,5,446,2,cooperate,1.5,wolf_phc
ChrisTesting3AgentsTrialsNo3,5,447,0,defect,5.0,wolf_phc
ChrisTesting3AgentsTrialsNo3,5,447,1,cooperate,1.5,wolf_phc
ChrisTesting3AgentsTrialsNo3,5,447,2,cooperate,1.5,wolf_phc
ChrisTesting3AgentsTrialsNo3,5,448,0,defect,5.0,wolf_phc
ChrisTesting3AgentsTrialsNo3,5,448,1,cooperate,1.5,wolf_phc
ChrisTesting3AgentsTrialsNo3,5,448,2,cooperate,1.5,wolf_phc
ChrisTesting3AgentsTrialsNo3,5,449,0,defect,5.0,wolf_phc
ChrisTesting3AgentsTrialsNo3,5,449,1,cooperate,1.5,wolf_phc
ChrisTesting3AgentsTrialsNo3,5,449,2,cooperate,1.5,wolf_phc
ChrisTesting3AgentsTrialsNo3,5,450,0,defect,5.0,wolf_phc
ChrisTesting3AgentsTrialsNo3,5,450,1,cooperate,1.5,wolf_phc
ChrisTesting3AgentsTrialsNo3,5,450,2,cooperate,1.5,wolf_phc
ChrisTesting3AgentsTrialsNo3,5,451,0,defect,5.0,wolf_phc
ChrisTesting3AgentsTrialsNo3,5,451,1,cooperate,1.5,wolf_phc
ChrisTesting3AgentsTrialsNo3,5,451,2,cooperate,1.5,wolf_phc
ChrisTesting3AgentsTrialsNo3,5,452,0,defect,5.0,wolf_phc
ChrisTesting3AgentsTrialsNo3,5,452,1,cooperate,1.5,wolf_phc
ChrisTesting3AgentsTrialsNo3,5,452,2,cooperate,1.5,wolf_phc
ChrisTesting3AgentsTrialsNo3,5,453,0,defect,5.0,wolf_phc
ChrisTesting3AgentsTrialsNo3,5,453,1,cooperate,1.5,wolf_phc
ChrisTesting3AgentsTrialsNo3,5,453,2,cooperate,1.5,wolf_phc
ChrisTesting3AgentsTrialsNo3,5,454,0,defect,5.0,wolf_phc
ChrisTesting3AgentsTrialsNo3,5,454,1,cooperate,1.5,wolf_phc
ChrisTesting3AgentsTrialsNo3,5,454,2,cooperate,1.5,wolf_phc
ChrisTesting3AgentsTrialsNo3,5,455,0,defect,5.0,wolf_phc
ChrisTesting3AgentsTrialsNo3,5,455,1,cooperate,1.5,wolf_phc
ChrisTesting3AgentsTrialsNo3,5,455,2,cooperate,1.5,wolf_phc
ChrisTesting3AgentsTrialsNo3,5,456,0,defect,5.0,wolf_phc
ChrisTesting3AgentsTrialsNo3,5,456,1,cooperate,1.5,wolf_phc
ChrisTesting3AgentsTrialsNo3,5,456,2,cooperate,1.5,wolf_phc
ChrisTesting3AgentsTrialsNo3,5,457,0,defect,5.0,wolf_phc
ChrisTesting3AgentsTrialsNo3,5,457,1,cooperate,1.5,wolf_phc
ChrisTesting3AgentsTrialsNo3,5,457,2,cooperate,1.5,wolf_phc
ChrisTesting3AgentsTrialsNo3,5,458,0,defect,5.0,wolf_phc
ChrisTesting3AgentsTrialsNo3,5,458,1,cooperate,1.5,wolf_phc
ChrisTesting3AgentsTrialsNo3,5,458,2,cooperate,1.5,wolf_phc
ChrisTesting3AgentsTrialsNo3,5,459,0,defect,5.0,wolf_phc
ChrisTesting3AgentsTrialsNo3,5,459,1,cooperate,1.5,wolf_phc
ChrisTesting3AgentsTrialsNo3,5,459,2,cooperate,1.5,wolf_phc
ChrisTesting3AgentsTrialsNo3,5,460,0,defect,5.0,wolf_phc
ChrisTesting3AgentsTrialsNo3,5,460,1,cooperate,1.5,wolf_phc
ChrisTesting3AgentsTrialsNo3,5,460,2,cooperate,1.5,wolf_phc
ChrisTesting3AgentsTrialsNo3,5,461,0,defect,5.0,wolf_phc
ChrisTesting3AgentsTrialsNo3,5,461,1,cooperate,1.5,wolf_phc
ChrisTesting3AgentsTrialsNo3,5,461,2,cooperate,1.5,wolf_phc
ChrisTesting3AgentsTrialsNo3,5,462,0,defect,5.0,wolf_phc
ChrisTesting3AgentsTrialsNo3,5,462,1,cooperate,1.5,wolf_phc
ChrisTesting3AgentsTrialsNo3,5,462,2,cooperate,1.5,wolf_phc
ChrisTesting3AgentsTrialsNo3,5,463,0,defect,5.0,wolf_phc
ChrisTesting3AgentsTrialsNo3,5,463,1,cooperate,1.5,wolf_phc
ChrisTesting3AgentsTrialsNo3,5,463,2,cooperate,1.5,wolf_phc
ChrisTesting3AgentsTrialsNo3,5,464,0,defect,5.0,wolf_phc
ChrisTesting3AgentsTrialsNo3,5,464,1,cooperate,1.5,wolf_phc
ChrisTesting3AgentsTrialsNo3,5,464,2,cooperate,1.5,wolf_phc
ChrisTesting3AgentsTrialsNo3,5,465,0,defect,5.0,wolf_phc
ChrisTesting3AgentsTrialsNo3,5,465,1,cooperate,1.5,wolf_phc
ChrisTesting3AgentsTrialsNo3,5,465,2,cooperate,1.5,wolf_phc
ChrisTesting3AgentsTrialsNo3,5,466,0,defect,5.0,wolf_phc
ChrisTesting3AgentsTrialsNo3,5,466,1,cooperate,1.5,wolf_phc
ChrisTesting3AgentsTrialsNo3,5,466,2,cooperate,1.5,wolf_phc
ChrisTesting3AgentsTrialsNo3,5,467,0,defect,5.0,wolf_phc
ChrisTesting3AgentsTrialsNo3,5,467,1,cooperate,1.5,wolf_phc
ChrisTesting3AgentsTrialsNo3,5,467,2,cooperate,1.5,wolf_phc
ChrisTesting3AgentsTrialsNo3,5,468,0,cooperate,3.0,wolf_phc
ChrisTesting3AgentsTrialsNo3,5,468,1,cooperate,3.0,wolf_phc
ChrisTesting3AgentsTrialsNo3,5,468,2,cooperate,3.0,wolf_phc
ChrisTesting3AgentsTrialsNo3,5,469,0,defect,5.0,wolf_phc
ChrisTesting3AgentsTrialsNo3,5,469,1,cooperate,1.5,wolf_phc
ChrisTesting3AgentsTrialsNo3,5,469,2,cooperate,1.5,wolf_phc
ChrisTesting3AgentsTrialsNo3,5,470,0,defect,5.0,wolf_phc
ChrisTesting3AgentsTrialsNo3,5,470,1,cooperate,1.5,wolf_phc
ChrisTesting3AgentsTrialsNo3,5,470,2,cooperate,1.5,wolf_phc
ChrisTesting3AgentsTrialsNo3,5,471,0,defect,5.0,wolf_phc
ChrisTesting3AgentsTrialsNo3,5,471,1,cooperate,1.5,wolf_phc
ChrisTesting3AgentsTrialsNo3,5,471,2,cooperate,1.5,wolf_phc
ChrisTesting3AgentsTrialsNo3,5,472,0,defect,5.0,wolf_phc
ChrisTesting3AgentsTrialsNo3,5,472,1,cooperate,1.5,wolf_phc
ChrisTesting3AgentsTrialsNo3,5,472,2,cooperate,1.5,wolf_phc
ChrisTesting3AgentsTrialsNo3,5,473,0,defect,5.0,wolf_phc
ChrisTesting3AgentsTrialsNo3,5,473,1,cooperate,1.5,wolf_phc
ChrisTesting3AgentsTrialsNo3,5,473,2,cooperate,1.5,wolf_phc
ChrisTesting3AgentsTrialsNo3,5,474,0,defect,5.0,wolf_phc
ChrisTesting3AgentsTrialsNo3,5,474,1,cooperate,1.5,wolf_phc
ChrisTesting3AgentsTrialsNo3,5,474,2,cooperate,1.5,wolf_phc
ChrisTesting3AgentsTrialsNo3,5,475,0,defect,5.0,wolf_phc
ChrisTesting3AgentsTrialsNo3,5,475,1,cooperate,1.5,wolf_phc
ChrisTesting3AgentsTrialsNo3,5,475,2,cooperate,1.5,wolf_phc
ChrisTesting3AgentsTrialsNo3,5,476,0,defect,5.0,wolf_phc
ChrisTesting3AgentsTrialsNo3,5,476,1,cooperate,1.5,wolf_phc
ChrisTesting3AgentsTrialsNo3,5,476,2,cooperate,1.5,wolf_phc
ChrisTesting3AgentsTrialsNo3,5,477,0,defect,5.0,wolf_phc
ChrisTesting3AgentsTrialsNo3,5,477,1,cooperate,1.5,wolf_phc
ChrisTesting3AgentsTrialsNo3,5,477,2,cooperate,1.5,wolf_phc
ChrisTesting3AgentsTrialsNo3,5,478,0,defect,5.0,wolf_phc
ChrisTesting3AgentsTrialsNo3,5,478,1,cooperate,1.5,wolf_phc
ChrisTesting3AgentsTrialsNo3,5,478,2,cooperate,1.5,wolf_phc
ChrisTesting3AgentsTrialsNo3,5,479,0,defect,5.0,wolf_phc
ChrisTesting3AgentsTrialsNo3,5,479,1,cooperate,1.5,wolf_phc
ChrisTesting3AgentsTrialsNo3,5,479,2,cooperate,1.5,wolf_phc
ChrisTesting3AgentsTrialsNo3,5,480,0,defect,5.0,wolf_phc
ChrisTesting3AgentsTrialsNo3,5,480,1,cooperate,1.5,wolf_phc
ChrisTesting3AgentsTrialsNo3,5,480,2,cooperate,1.5,wolf_phc
ChrisTesting3AgentsTrialsNo3,5,481,0,defect,5.0,wolf_phc
ChrisTesting3AgentsTrialsNo3,5,481,1,cooperate,1.5,wolf_phc
ChrisTesting3AgentsTrialsNo3,5,481,2,cooperate,1.5,wolf_phc
ChrisTesting3AgentsTrialsNo3,5,482,0,defect,5.0,wolf_phc
ChrisTesting3AgentsTrialsNo3,5,482,1,cooperate,1.5,wolf_phc
ChrisTesting3AgentsTrialsNo3,5,482,2,cooperate,1.5,wolf_phc
ChrisTesting3AgentsTrialsNo3,5,483,0,defect,5.0,wolf_phc
ChrisTesting3AgentsTrialsNo3,5,483,1,cooperate,1.5,wolf_phc
ChrisTesting3AgentsTrialsNo3,5,483,2,cooperate,1.5,wolf_phc
ChrisTesting3AgentsTrialsNo3,5,484,0,defect,5.0,wolf_phc
ChrisTesting3AgentsTrialsNo3,5,484,1,cooperate,1.5,wolf_phc
ChrisTesting3AgentsTrialsNo3,5,484,2,cooperate,1.5,wolf_phc
ChrisTesting3AgentsTrialsNo3,5,485,0,defect,5.0,wolf_phc
ChrisTesting3AgentsTrialsNo3,5,485,1,cooperate,1.5,wolf_phc
ChrisTesting3AgentsTrialsNo3,5,485,2,cooperate,1.5,wolf_phc
ChrisTesting3AgentsTrialsNo3,5,486,0,defect,5.0,wolf_phc
ChrisTesting3AgentsTrialsNo3,5,486,1,cooperate,1.5,wolf_phc
ChrisTesting3AgentsTrialsNo3,5,486,2,cooperate,1.5,wolf_phc
ChrisTesting3AgentsTrialsNo3,5,487,0,defect,5.0,wolf_phc
ChrisTesting3AgentsTrialsNo3,5,487,1,cooperate,1.5,wolf_phc
ChrisTesting3AgentsTrialsNo3,5,487,2,cooperate,1.5,wolf_phc
ChrisTesting3AgentsTrialsNo3,5,488,0,defect,5.0,wolf_phc
ChrisTesting3AgentsTrialsNo3,5,488,1,cooperate,1.5,wolf_phc
ChrisTesting3AgentsTrialsNo3,5,488,2,cooperate,1.5,wolf_phc
ChrisTesting3AgentsTrialsNo3,5,489,0,defect,5.0,wolf_phc
ChrisTesting3AgentsTrialsNo3,5,489,1,cooperate,1.5,wolf_phc
ChrisTesting3AgentsTrialsNo3,5,489,2,cooperate,1.5,wolf_phc
ChrisTesting3AgentsTrialsNo3,5,490,0,defect,5.0,wolf_phc
ChrisTesting3AgentsTrialsNo3,5,490,1,cooperate,1.5,wolf_phc
ChrisTesting3AgentsTrialsNo3,5,490,2,cooperate,1.5,wolf_phc
ChrisTesting3AgentsTrialsNo3,5,491,0,defect,5.0,wolf_phc
ChrisTesting3AgentsTrialsNo3,5,491,1,cooperate,1.5,wolf_phc
ChrisTesting3AgentsTrialsNo3,5,491,2,cooperate,1.5,wolf_phc
ChrisTesting3AgentsTrialsNo3,5,492,0,defect,5.0,wolf_phc
ChrisTesting3AgentsTrialsNo3,5,492,1,cooperate,1.5,wolf_phc
ChrisTesting3AgentsTrialsNo3,5,492,2,cooperate,1.5,wolf_phc
ChrisTesting3AgentsTrialsNo3,5,493,0,cooperate,3.0,wolf_phc
ChrisTesting3AgentsTrialsNo3,5,493,1,cooperate,3.0,wolf_phc
ChrisTesting3AgentsTrialsNo3,5,493,2,cooperate,3.0,wolf_phc
ChrisTesting3AgentsTrialsNo3,5,494,0,defect,5.0,wolf_phc
ChrisTesting3AgentsTrialsNo3,5,494,1,cooperate,1.5,wolf_phc
ChrisTesting3AgentsTrialsNo3,5,494,2,cooperate,1.5,wolf_phc
ChrisTesting3AgentsTrialsNo3,5,495,0,defect,5.0,wolf_phc
ChrisTesting3AgentsTrialsNo3,5,495,1,cooperate,1.5,wolf_phc
ChrisTesting3AgentsTrialsNo3,5,495,2,cooperate,1.5,wolf_phc
ChrisTesting3AgentsTrialsNo3,5,496,0,defect,5.0,wolf_phc
ChrisTesting3AgentsTrialsNo3,5,496,1,cooperate,1.5,wolf_phc
ChrisTesting3AgentsTrialsNo3,5,496,2,cooperate,1.5,wolf_phc
ChrisTesting3AgentsTrialsNo3,5,497,0,defect,5.0,wolf_phc
ChrisTesting3AgentsTrialsNo3,5,497,1,cooperate,1.5,wolf_phc
ChrisTesting3AgentsTrialsNo3,5,497,2,cooperate,1.5,wolf_phc
ChrisTesting3AgentsTrialsNo3,5,498,0,defect,5.0,wolf_phc
ChrisTesting3AgentsTrialsNo3,5,498,1,cooperate,1.5,wolf_phc
ChrisTesting3AgentsTrialsNo3,5,498,2,cooperate,1.5,wolf_phc
ChrisTesting3AgentsTrialsNo3,5,499,0,defect,5.0,wolf_phc
ChrisTesting3AgentsTrialsNo3,5,499,1,cooperate,1.5,wolf_phc
ChrisTesting3AgentsTrialsNo3,5,499,2,cooperate,1.5,wolf_phc
