actions,cooperation_rate,payoffs,round
"{0: 0, 1: 0, 2: 0}",1.0,"{0: 3.0, 1: 3.0, 2: 3.0}",0
"{0: 0, 1: 0, 2: 0}",1.0,"{0: 3.0, 1: 3.0, 2: 3.0}",1
"{0: 0, 1: 0, 2: 0}",1.0,"{0: 3.0, 1: 3.0, 2: 3.0}",2
"{0: 1, 1: 0, 2: 0}",0.6666666666666666,"{0: 5.0, 1: 1.5, 2: 1.5}",3
"{0: 1, 1: 0, 2: 0}",0.6666666666666666,"{0: 5.0, 1: 1.5, 2: 1.5}",4
"{0: 1, 1: 0, 2: 0}",0.6666666666666666,"{0: 5.0, 1: 1.5, 2: 1.5}",5
"{0: 1, 1: 0, 2: 0}",0.6666666666666666,"{0: 5.0, 1: 1.5, 2: 1.5}",6
"{0: 1, 1: 0, 2: 0}",0.6666666666666666,"{0: 5.0, 1: 1.5, 2: 1.5}",7
"{0: 0, 1: 0, 2: 0}",1.0,"{0: 3.0, 1: 3.0, 2: 3.0}",8
"{0: 0, 1: 0, 2: 0}",1.0,"{0: 3.0, 1: 3.0, 2: 3.0}",9
"{0: 0, 1: 0, 2: 0}",1.0,"{0: 3.0, 1: 3.0, 2: 3.0}",10
"{0: 1, 1: 0, 2: 0}",0.6666666666666666,"{0: 5.0, 1: 1.5, 2: 1.5}",11
"{0: 1, 1: 0, 2: 0}",0.6666666666666666,"{0: 5.0, 1: 1.5, 2: 1.5}",12
"{0: 0, 1: 0, 2: 0}",1.0,"{0: 3.0, 1: 3.0, 2: 3.0}",13
"{0: 0, 1: 0, 2: 0}",1.0,"{0: 3.0, 1: 3.0, 2: 3.0}",14
"{0: 0, 1: 0, 2: 0}",1.0,"{0: 3.0, 1: 3.0, 2: 3.0}",15
"{0: 1, 1: 0, 2: 0}",0.6666666666666666,"{0: 5.0, 1: 1.5, 2: 1.5}",16
"{0: 1, 1: 0, 2: 0}",0.6666666666666666,"{0: 5.0, 1: 1.5, 2: 1.5}",17
"{0: 1, 1: 0, 2: 0}",0.6666666666666666,"{0: 5.0, 1: 1.5, 2: 1.5}",18
"{0: 1, 1: 0, 2: 0}",0.6666666666666666,"{0: 5.0, 1: 1.5, 2: 1.5}",19
"{0: 1, 1: 0, 2: 0}",0.6666666666666666,"{0: 5.0, 1: 1.5, 2: 1.5}",20
"{0: 1, 1: 0, 2: 0}",0.6666666666666666,"{0: 5.0, 1: 1.5, 2: 1.5}",21
"{0: 0, 1: 0, 2: 0}",1.0,"{0: 3.0, 1: 3.0, 2: 3.0}",22
"{0: 0, 1: 0, 2: 0}",1.0,"{0: 3.0, 1: 3.0, 2: 3.0}",23
"{0: 1, 1: 0, 2: 0}",0.6666666666666666,"{0: 5.0, 1: 1.5, 2: 1.5}",24
"{0: 1, 1: 0, 2: 0}",0.6666666666666666,"{0: 5.0, 1: 1.5, 2: 1.5}",25
"{0: 0, 1: 0, 2: 0}",1.0,"{0: 3.0, 1: 3.0, 2: 3.0}",26
"{0: 0, 1: 0, 2: 0}",1.0,"{0: 3.0, 1: 3.0, 2: 3.0}",27
"{0: 1, 1: 0, 2: 0}",0.6666666666666666,"{0: 5.0, 1: 1.5, 2: 1.5}",28
"{0: 1, 1: 0, 2: 0}",0.6666666666666666,"{0: 5.0, 1: 1.5, 2: 1.5}",29
"{0: 0, 1: 0, 2: 0}",1.0,"{0: 3.0, 1: 3.0, 2: 3.0}",30
"{0: 1, 1: 0, 2: 0}",0.6666666666666666,"{0: 5.0, 1: 1.5, 2: 1.5}",31
"{0: 1, 1: 0, 2: 0}",0.6666666666666666,"{0: 5.0, 1: 1.5, 2: 1.5}",32
"{0: 0, 1: 0, 2: 0}",1.0,"{0: 3.0, 1: 3.0, 2: 3.0}",33
"{0: 0, 1: 0, 2: 0}",1.0,"{0: 3.0, 1: 3.0, 2: 3.0}",34
"{0: 0, 1: 0, 2: 0}",1.0,"{0: 3.0, 1: 3.0, 2: 3.0}",35
"{0: 1, 1: 0, 2: 0}",0.6666666666666666,"{0: 5.0, 1: 1.5, 2: 1.5}",36
"{0: 0, 1: 0, 2: 0}",1.0,"{0: 3.0, 1: 3.0, 2: 3.0}",37
"{0: 0, 1: 0, 2: 0}",1.0,"{0: 3.0, 1: 3.0, 2: 3.0}",38
"{0: 0, 1: 0, 2: 0}",1.0,"{0: 3.0, 1: 3.0, 2: 3.0}",39
"{0: 1, 1: 0, 2: 0}",0.6666666666666666,"{0: 5.0, 1: 1.5, 2: 1.5}",40
"{0: 1, 1: 0, 2: 0}",0.6666666666666666,"{0: 5.0, 1: 1.5, 2: 1.5}",41
"{0: 0, 1: 0, 2: 0}",1.0,"{0: 3.0, 1: 3.0, 2: 3.0}",42
"{0: 0, 1: 0, 2: 0}",1.0,"{0: 3.0, 1: 3.0, 2: 3.0}",43
"{0: 0, 1: 0, 2: 0}",1.0,"{0: 3.0, 1: 3.0, 2: 3.0}",44
"{0: 0, 1: 0, 2: 0}",1.0,"{0: 3.0, 1: 3.0, 2: 3.0}",45
"{0: 1, 1: 0, 2: 0}",0.6666666666666666,"{0: 5.0, 1: 1.5, 2: 1.5}",46
"{0: 0, 1: 0, 2: 0}",1.0,"{0: 3.0, 1: 3.0, 2: 3.0}",47
"{0: 0, 1: 0, 2: 0}",1.0,"{0: 3.0, 1: 3.0, 2: 3.0}",48
"{0: 0, 1: 0, 2: 0}",1.0,"{0: 3.0, 1: 3.0, 2: 3.0}",49
"{0: 0, 1: 0, 2: 0}",1.0,"{0: 3.0, 1: 3.0, 2: 3.0}",50
"{0: 1, 1: 0, 2: 0}",0.6666666666666666,"{0: 5.0, 1: 1.5, 2: 1.5}",51
"{0: 1, 1: 0, 2: 0}",0.6666666666666666,"{0: 5.0, 1: 1.5, 2: 1.5}",52
"{0: 0, 1: 0, 2: 0}",1.0,"{0: 3.0, 1: 3.0, 2: 3.0}",53
"{0: 0, 1: 0, 2: 0}",1.0,"{0: 3.0, 1: 3.0, 2: 3.0}",54
"{0: 0, 1: 0, 2: 0}",1.0,"{0: 3.0, 1: 3.0, 2: 3.0}",55
"{0: 1, 1: 0, 2: 0}",0.6666666666666666,"{0: 5.0, 1: 1.5, 2: 1.5}",56
"{0: 0, 1: 0, 2: 0}",1.0,"{0: 3.0, 1: 3.0, 2: 3.0}",57
"{0: 1, 1: 0, 2: 0}",0.6666666666666666,"{0: 5.0, 1: 1.5, 2: 1.5}",58
"{0: 1, 1: 0, 2: 0}",0.6666666666666666,"{0: 5.0, 1: 1.5, 2: 1.5}",59
"{0: 1, 1: 0, 2: 0}",0.6666666666666666,"{0: 5.0, 1: 1.5, 2: 1.5}",60
"{0: 0, 1: 0, 2: 0}",1.0,"{0: 3.0, 1: 3.0, 2: 3.0}",61
"{0: 0, 1: 0, 2: 0}",1.0,"{0: 3.0, 1: 3.0, 2: 3.0}",62
"{0: 1, 1: 0, 2: 0}",0.6666666666666666,"{0: 5.0, 1: 1.5, 2: 1.5}",63
"{0: 1, 1: 0, 2: 0}",0.6666666666666666,"{0: 5.0, 1: 1.5, 2: 1.5}",64
"{0: 0, 1: 0, 2: 0}",1.0,"{0: 3.0, 1: 3.0, 2: 3.0}",65
"{0: 1, 1: 0, 2: 0}",0.6666666666666666,"{0: 5.0, 1: 1.5, 2: 1.5}",66
"{0: 1, 1: 0, 2: 0}",0.6666666666666666,"{0: 5.0, 1: 1.5, 2: 1.5}",67
"{0: 1, 1: 0, 2: 0}",0.6666666666666666,"{0: 5.0, 1: 1.5, 2: 1.5}",68
"{0: 0, 1: 0, 2: 0}",1.0,"{0: 3.0, 1: 3.0, 2: 3.0}",69
"{0: 0, 1: 0, 2: 0}",1.0,"{0: 3.0, 1: 3.0, 2: 3.0}",70
"{0: 0, 1: 0, 2: 0}",1.0,"{0: 3.0, 1: 3.0, 2: 3.0}",71
"{0: 1, 1: 0, 2: 0}",0.6666666666666666,"{0: 5.0, 1: 1.5, 2: 1.5}",72
"{0: 1, 1: 0, 2: 0}",0.6666666666666666,"{0: 5.0, 1: 1.5, 2: 1.5}",73
"{0: 1, 1: 0, 2: 0}",0.6666666666666666,"{0: 5.0, 1: 1.5, 2: 1.5}",74
"{0: 1, 1: 0, 2: 0}",0.6666666666666666,"{0: 5.0, 1: 1.5, 2: 1.5}",75
"{0: 1, 1: 0, 2: 0}",0.6666666666666666,"{0: 5.0, 1: 1.5, 2: 1.5}",76
"{0: 1, 1: 0, 2: 0}",0.6666666666666666,"{0: 5.0, 1: 1.5, 2: 1.5}",77
"{0: 1, 1: 0, 2: 0}",0.6666666666666666,"{0: 5.0, 1: 1.5, 2: 1.5}",78
"{0: 0, 1: 0, 2: 0}",1.0,"{0: 3.0, 1: 3.0, 2: 3.0}",79
"{0: 0, 1: 0, 2: 0}",1.0,"{0: 3.0, 1: 3.0, 2: 3.0}",80
"{0: 1, 1: 0, 2: 0}",0.6666666666666666,"{0: 5.0, 1: 1.5, 2: 1.5}",81
"{0: 0, 1: 0, 2: 0}",1.0,"{0: 3.0, 1: 3.0, 2: 3.0}",82
"{0: 0, 1: 0, 2: 0}",1.0,"{0: 3.0, 1: 3.0, 2: 3.0}",83
"{0: 0, 1: 0, 2: 0}",1.0,"{0: 3.0, 1: 3.0, 2: 3.0}",84
"{0: 1, 1: 0, 2: 0}",0.6666666666666666,"{0: 5.0, 1: 1.5, 2: 1.5}",85
"{0: 1, 1: 0, 2: 0}",0.6666666666666666,"{0: 5.0, 1: 1.5, 2: 1.5}",86
"{0: 1, 1: 0, 2: 0}",0.6666666666666666,"{0: 5.0, 1: 1.5, 2: 1.5}",87
"{0: 0, 1: 0, 2: 0}",1.0,"{0: 3.0, 1: 3.0, 2: 3.0}",88
"{0: 1, 1: 0, 2: 0}",0.6666666666666666,"{0: 5.0, 1: 1.5, 2: 1.5}",89
"{0: 1, 1: 0, 2: 0}",0.6666666666666666,"{0: 5.0, 1: 1.5, 2: 1.5}",90
"{0: 0, 1: 0, 2: 0}",1.0,"{0: 3.0, 1: 3.0, 2: 3.0}",91
"{0: 0, 1: 0, 2: 0}",1.0,"{0: 3.0, 1: 3.0, 2: 3.0}",92
"{0: 1, 1: 0, 2: 0}",0.6666666666666666,"{0: 5.0, 1: 1.5, 2: 1.5}",93
"{0: 0, 1: 0, 2: 0}",1.0,"{0: 3.0, 1: 3.0, 2: 3.0}",94
"{0: 1, 1: 0, 2: 0}",0.6666666666666666,"{0: 5.0, 1: 1.5, 2: 1.5}",95
"{0: 0, 1: 0, 2: 0}",1.0,"{0: 3.0, 1: 3.0, 2: 3.0}",96
"{0: 1, 1: 0, 2: 0}",0.6666666666666666,"{0: 5.0, 1: 1.5, 2: 1.5}",97
"{0: 1, 1: 0, 2: 0}",0.6666666666666666,"{0: 5.0, 1: 1.5, 2: 1.5}",98
"{0: 1, 1: 0, 2: 0}",0.6666666666666666,"{0: 5.0, 1: 1.5, 2: 1.5}",99
"{0: 0, 1: 0, 2: 0}",1.0,"{0: 3.0, 1: 3.0, 2: 3.0}",100
"{0: 1, 1: 0, 2: 0}",0.6666666666666666,"{0: 5.0, 1: 1.5, 2: 1.5}",101
"{0: 1, 1: 0, 2: 0}",0.6666666666666666,"{0: 5.0, 1: 1.5, 2: 1.5}",102
"{0: 1, 1: 0, 2: 0}",0.6666666666666666,"{0: 5.0, 1: 1.5, 2: 1.5}",103
"{0: 0, 1: 0, 2: 0}",1.0,"{0: 3.0, 1: 3.0, 2: 3.0}",104
"{0: 0, 1: 0, 2: 0}",1.0,"{0: 3.0, 1: 3.0, 2: 3.0}",105
"{0: 1, 1: 0, 2: 0}",0.6666666666666666,"{0: 5.0, 1: 1.5, 2: 1.5}",106
"{0: 0, 1: 0, 2: 0}",1.0,"{0: 3.0, 1: 3.0, 2: 3.0}",107
"{0: 1, 1: 0, 2: 0}",0.6666666666666666,"{0: 5.0, 1: 1.5, 2: 1.5}",108
"{0: 1, 1: 0, 2: 0}",0.6666666666666666,"{0: 5.0, 1: 1.5, 2: 1.5}",109
"{0: 0, 1: 0, 2: 0}",1.0,"{0: 3.0, 1: 3.0, 2: 3.0}",110
"{0: 1, 1: 0, 2: 0}",0.6666666666666666,"{0: 5.0, 1: 1.5, 2: 1.5}",111
"{0: 0, 1: 0, 2: 0}",1.0,"{0: 3.0, 1: 3.0, 2: 3.0}",112
"{0: 0, 1: 0, 2: 0}",1.0,"{0: 3.0, 1: 3.0, 2: 3.0}",113
"{0: 1, 1: 0, 2: 0}",0.6666666666666666,"{0: 5.0, 1: 1.5, 2: 1.5}",114
"{0: 1, 1: 0, 2: 0}",0.6666666666666666,"{0: 5.0, 1: 1.5, 2: 1.5}",115
"{0: 1, 1: 0, 2: 0}",0.6666666666666666,"{0: 5.0, 1: 1.5, 2: 1.5}",116
"{0: 0, 1: 0, 2: 0}",1.0,"{0: 3.0, 1: 3.0, 2: 3.0}",117
"{0: 0, 1: 0, 2: 0}",1.0,"{0: 3.0, 1: 3.0, 2: 3.0}",118
"{0: 1, 1: 0, 2: 0}",0.6666666666666666,"{0: 5.0, 1: 1.5, 2: 1.5}",119
"{0: 1, 1: 0, 2: 0}",0.6666666666666666,"{0: 5.0, 1: 1.5, 2: 1.5}",120
"{0: 1, 1: 0, 2: 0}",0.6666666666666666,"{0: 5.0, 1: 1.5, 2: 1.5}",121
"{0: 0, 1: 0, 2: 0}",1.0,"{0: 3.0, 1: 3.0, 2: 3.0}",122
"{0: 1, 1: 0, 2: 0}",0.6666666666666666,"{0: 5.0, 1: 1.5, 2: 1.5}",123
"{0: 1, 1: 0, 2: 0}",0.6666666666666666,"{0: 5.0, 1: 1.5, 2: 1.5}",124
"{0: 0, 1: 0, 2: 0}",1.0,"{0: 3.0, 1: 3.0, 2: 3.0}",125
"{0: 0, 1: 0, 2: 0}",1.0,"{0: 3.0, 1: 3.0, 2: 3.0}",126
"{0: 1, 1: 0, 2: 0}",0.6666666666666666,"{0: 5.0, 1: 1.5, 2: 1.5}",127
"{0: 0, 1: 0, 2: 0}",1.0,"{0: 3.0, 1: 3.0, 2: 3.0}",128
"{0: 0, 1: 0, 2: 0}",1.0,"{0: 3.0, 1: 3.0, 2: 3.0}",129
"{0: 0, 1: 0, 2: 0}",1.0,"{0: 3.0, 1: 3.0, 2: 3.0}",130
"{0: 0, 1: 0, 2: 0}",1.0,"{0: 3.0, 1: 3.0, 2: 3.0}",131
"{0: 1, 1: 0, 2: 0}",0.6666666666666666,"{0: 5.0, 1: 1.5, 2: 1.5}",132
"{0: 1, 1: 0, 2: 0}",0.6666666666666666,"{0: 5.0, 1: 1.5, 2: 1.5}",133
"{0: 1, 1: 0, 2: 0}",0.6666666666666666,"{0: 5.0, 1: 1.5, 2: 1.5}",134
"{0: 1, 1: 0, 2: 0}",0.6666666666666666,"{0: 5.0, 1: 1.5, 2: 1.5}",135
"{0: 0, 1: 0, 2: 0}",1.0,"{0: 3.0, 1: 3.0, 2: 3.0}",136
"{0: 0, 1: 0, 2: 0}",1.0,"{0: 3.0, 1: 3.0, 2: 3.0}",137
"{0: 1, 1: 0, 2: 0}",0.6666666666666666,"{0: 5.0, 1: 1.5, 2: 1.5}",138
"{0: 0, 1: 0, 2: 0}",1.0,"{0: 3.0, 1: 3.0, 2: 3.0}",139
"{0: 0, 1: 0, 2: 0}",1.0,"{0: 3.0, 1: 3.0, 2: 3.0}",140
"{0: 0, 1: 0, 2: 0}",1.0,"{0: 3.0, 1: 3.0, 2: 3.0}",141
"{0: 1, 1: 0, 2: 0}",0.6666666666666666,"{0: 5.0, 1: 1.5, 2: 1.5}",142
"{0: 0, 1: 0, 2: 0}",1.0,"{0: 3.0, 1: 3.0, 2: 3.0}",143
"{0: 0, 1: 0, 2: 0}",1.0,"{0: 3.0, 1: 3.0, 2: 3.0}",144
"{0: 1, 1: 0, 2: 0}",0.6666666666666666,"{0: 5.0, 1: 1.5, 2: 1.5}",145
"{0: 0, 1: 0, 2: 0}",1.0,"{0: 3.0, 1: 3.0, 2: 3.0}",146
"{0: 1, 1: 0, 2: 0}",0.6666666666666666,"{0: 5.0, 1: 1.5, 2: 1.5}",147
"{0: 1, 1: 0, 2: 0}",0.6666666666666666,"{0: 5.0, 1: 1.5, 2: 1.5}",148
"{0: 0, 1: 0, 2: 0}",1.0,"{0: 3.0, 1: 3.0, 2: 3.0}",149
"{0: 1, 1: 0, 2: 0}",0.6666666666666666,"{0: 5.0, 1: 1.5, 2: 1.5}",150
"{0: 1, 1: 0, 2: 0}",0.6666666666666666,"{0: 5.0, 1: 1.5, 2: 1.5}",151
"{0: 1, 1: 0, 2: 0}",0.6666666666666666,"{0: 5.0, 1: 1.5, 2: 1.5}",152
"{0: 0, 1: 0, 2: 0}",1.0,"{0: 3.0, 1: 3.0, 2: 3.0}",153
"{0: 1, 1: 0, 2: 0}",0.6666666666666666,"{0: 5.0, 1: 1.5, 2: 1.5}",154
"{0: 1, 1: 0, 2: 0}",0.6666666666666666,"{0: 5.0, 1: 1.5, 2: 1.5}",155
"{0: 0, 1: 0, 2: 0}",1.0,"{0: 3.0, 1: 3.0, 2: 3.0}",156
"{0: 1, 1: 0, 2: 0}",0.6666666666666666,"{0: 5.0, 1: 1.5, 2: 1.5}",157
"{0: 0, 1: 0, 2: 0}",1.0,"{0: 3.0, 1: 3.0, 2: 3.0}",158
"{0: 1, 1: 0, 2: 0}",0.6666666666666666,"{0: 5.0, 1: 1.5, 2: 1.5}",159
"{0: 0, 1: 0, 2: 0}",1.0,"{0: 3.0, 1: 3.0, 2: 3.0}",160
"{0: 1, 1: 0, 2: 0}",0.6666666666666666,"{0: 5.0, 1: 1.5, 2: 1.5}",161
"{0: 1, 1: 0, 2: 0}",0.6666666666666666,"{0: 5.0, 1: 1.5, 2: 1.5}",162
"{0: 1, 1: 0, 2: 0}",0.6666666666666666,"{0: 5.0, 1: 1.5, 2: 1.5}",163
"{0: 1, 1: 0, 2: 0}",0.6666666666666666,"{0: 5.0, 1: 1.5, 2: 1.5}",164
"{0: 0, 1: 0, 2: 0}",1.0,"{0: 3.0, 1: 3.0, 2: 3.0}",165
"{0: 0, 1: 0, 2: 0}",1.0,"{0: 3.0, 1: 3.0, 2: 3.0}",166
"{0: 0, 1: 0, 2: 0}",1.0,"{0: 3.0, 1: 3.0, 2: 3.0}",167
"{0: 1, 1: 0, 2: 0}",0.6666666666666666,"{0: 5.0, 1: 1.5, 2: 1.5}",168
"{0: 1, 1: 0, 2: 0}",0.6666666666666666,"{0: 5.0, 1: 1.5, 2: 1.5}",169
"{0: 0, 1: 0, 2: 0}",1.0,"{0: 3.0, 1: 3.0, 2: 3.0}",170
"{0: 0, 1: 0, 2: 0}",1.0,"{0: 3.0, 1: 3.0, 2: 3.0}",171
"{0: 1, 1: 0, 2: 0}",0.6666666666666666,"{0: 5.0, 1: 1.5, 2: 1.5}",172
"{0: 1, 1: 0, 2: 0}",0.6666666666666666,"{0: 5.0, 1: 1.5, 2: 1.5}",173
"{0: 1, 1: 0, 2: 0}",0.6666666666666666,"{0: 5.0, 1: 1.5, 2: 1.5}",174
"{0: 0, 1: 0, 2: 0}",1.0,"{0: 3.0, 1: 3.0, 2: 3.0}",175
"{0: 0, 1: 0, 2: 0}",1.0,"{0: 3.0, 1: 3.0, 2: 3.0}",176
"{0: 0, 1: 0, 2: 0}",1.0,"{0: 3.0, 1: 3.0, 2: 3.0}",177
"{0: 1, 1: 0, 2: 0}",0.6666666666666666,"{0: 5.0, 1: 1.5, 2: 1.5}",178
"{0: 0, 1: 0, 2: 0}",1.0,"{0: 3.0, 1: 3.0, 2: 3.0}",179
"{0: 0, 1: 0, 2: 0}",1.0,"{0: 3.0, 1: 3.0, 2: 3.0}",180
"{0: 0, 1: 0, 2: 0}",1.0,"{0: 3.0, 1: 3.0, 2: 3.0}",181
"{0: 0, 1: 0, 2: 0}",1.0,"{0: 3.0, 1: 3.0, 2: 3.0}",182
"{0: 1, 1: 0, 2: 0}",0.6666666666666666,"{0: 5.0, 1: 1.5, 2: 1.5}",183
"{0: 0, 1: 0, 2: 0}",1.0,"{0: 3.0, 1: 3.0, 2: 3.0}",184
"{0: 1, 1: 0, 2: 0}",0.6666666666666666,"{0: 5.0, 1: 1.5, 2: 1.5}",185
"{0: 1, 1: 0, 2: 0}",0.6666666666666666,"{0: 5.0, 1: 1.5, 2: 1.5}",186
"{0: 1, 1: 0, 2: 0}",0.6666666666666666,"{0: 5.0, 1: 1.5, 2: 1.5}",187
"{0: 0, 1: 0, 2: 0}",1.0,"{0: 3.0, 1: 3.0, 2: 3.0}",188
"{0: 0, 1: 0, 2: 0}",1.0,"{0: 3.0, 1: 3.0, 2: 3.0}",189
"{0: 1, 1: 0, 2: 0}",0.6666666666666666,"{0: 5.0, 1: 1.5, 2: 1.5}",190
"{0: 0, 1: 0, 2: 0}",1.0,"{0: 3.0, 1: 3.0, 2: 3.0}",191
"{0: 0, 1: 0, 2: 0}",1.0,"{0: 3.0, 1: 3.0, 2: 3.0}",192
"{0: 0, 1: 0, 2: 0}",1.0,"{0: 3.0, 1: 3.0, 2: 3.0}",193
"{0: 0, 1: 0, 2: 0}",1.0,"{0: 3.0, 1: 3.0, 2: 3.0}",194
"{0: 1, 1: 0, 2: 0}",0.6666666666666666,"{0: 5.0, 1: 1.5, 2: 1.5}",195
"{0: 1, 1: 0, 2: 0}",0.6666666666666666,"{0: 5.0, 1: 1.5, 2: 1.5}",196
"{0: 1, 1: 0, 2: 0}",0.6666666666666666,"{0: 5.0, 1: 1.5, 2: 1.5}",197
"{0: 0, 1: 0, 2: 0}",1.0,"{0: 3.0, 1: 3.0, 2: 3.0}",198
"{0: 0, 1: 0, 2: 0}",1.0,"{0: 3.0, 1: 3.0, 2: 3.0}",199
"{0: 1, 1: 0, 2: 0}",0.6666666666666666,"{0: 5.0, 1: 1.5, 2: 1.5}",200
"{0: 0, 1: 0, 2: 0}",1.0,"{0: 3.0, 1: 3.0, 2: 3.0}",201
"{0: 1, 1: 0, 2: 0}",0.6666666666666666,"{0: 5.0, 1: 1.5, 2: 1.5}",202
"{0: 1, 1: 0, 2: 0}",0.6666666666666666,"{0: 5.0, 1: 1.5, 2: 1.5}",203
"{0: 1, 1: 0, 2: 0}",0.6666666666666666,"{0: 5.0, 1: 1.5, 2: 1.5}",204
"{0: 1, 1: 0, 2: 0}",0.6666666666666666,"{0: 5.0, 1: 1.5, 2: 1.5}",205
"{0: 1, 1: 0, 2: 0}",0.6666666666666666,"{0: 5.0, 1: 1.5, 2: 1.5}",206
"{0: 0, 1: 0, 2: 0}",1.0,"{0: 3.0, 1: 3.0, 2: 3.0}",207
"{0: 0, 1: 0, 2: 0}",1.0,"{0: 3.0, 1: 3.0, 2: 3.0}",208
"{0: 0, 1: 0, 2: 0}",1.0,"{0: 3.0, 1: 3.0, 2: 3.0}",209
"{0: 1, 1: 0, 2: 0}",0.6666666666666666,"{0: 5.0, 1: 1.5, 2: 1.5}",210
"{0: 1, 1: 0, 2: 0}",0.6666666666666666,"{0: 5.0, 1: 1.5, 2: 1.5}",211
"{0: 0, 1: 0, 2: 0}",1.0,"{0: 3.0, 1: 3.0, 2: 3.0}",212
"{0: 1, 1: 0, 2: 0}",0.6666666666666666,"{0: 5.0, 1: 1.5, 2: 1.5}",213
"{0: 1, 1: 0, 2: 0}",0.6666666666666666,"{0: 5.0, 1: 1.5, 2: 1.5}",214
"{0: 1, 1: 0, 2: 0}",0.6666666666666666,"{0: 5.0, 1: 1.5, 2: 1.5}",215
"{0: 1, 1: 0, 2: 0}",0.6666666666666666,"{0: 5.0, 1: 1.5, 2: 1.5}",216
"{0: 1, 1: 0, 2: 0}",0.6666666666666666,"{0: 5.0, 1: 1.5, 2: 1.5}",217
"{0: 0, 1: 0, 2: 0}",1.0,"{0: 3.0, 1: 3.0, 2: 3.0}",218
"{0: 1, 1: 0, 2: 0}",0.6666666666666666,"{0: 5.0, 1: 1.5, 2: 1.5}",219
"{0: 0, 1: 0, 2: 0}",1.0,"{0: 3.0, 1: 3.0, 2: 3.0}",220
"{0: 0, 1: 0, 2: 0}",1.0,"{0: 3.0, 1: 3.0, 2: 3.0}",221
"{0: 0, 1: 0, 2: 0}",1.0,"{0: 3.0, 1: 3.0, 2: 3.0}",222
"{0: 0, 1: 0, 2: 0}",1.0,"{0: 3.0, 1: 3.0, 2: 3.0}",223
"{0: 1, 1: 0, 2: 0}",0.6666666666666666,"{0: 5.0, 1: 1.5, 2: 1.5}",224
"{0: 0, 1: 0, 2: 0}",1.0,"{0: 3.0, 1: 3.0, 2: 3.0}",225
"{0: 1, 1: 0, 2: 0}",0.6666666666666666,"{0: 5.0, 1: 1.5, 2: 1.5}",226
"{0: 1, 1: 0, 2: 0}",0.6666666666666666,"{0: 5.0, 1: 1.5, 2: 1.5}",227
"{0: 1, 1: 0, 2: 0}",0.6666666666666666,"{0: 5.0, 1: 1.5, 2: 1.5}",228
"{0: 1, 1: 0, 2: 0}",0.6666666666666666,"{0: 5.0, 1: 1.5, 2: 1.5}",229
"{0: 1, 1: 0, 2: 0}",0.6666666666666666,"{0: 5.0, 1: 1.5, 2: 1.5}",230
"{0: 0, 1: 0, 2: 0}",1.0,"{0: 3.0, 1: 3.0, 2: 3.0}",231
"{0: 1, 1: 0, 2: 0}",0.6666666666666666,"{0: 5.0, 1: 1.5, 2: 1.5}",232
"{0: 0, 1: 0, 2: 0}",1.0,"{0: 3.0, 1: 3.0, 2: 3.0}",233
"{0: 0, 1: 0, 2: 0}",1.0,"{0: 3.0, 1: 3.0, 2: 3.0}",234
"{0: 0, 1: 0, 2: 0}",1.0,"{0: 3.0, 1: 3.0, 2: 3.0}",235
"{0: 0, 1: 0, 2: 0}",1.0,"{0: 3.0, 1: 3.0, 2: 3.0}",236
"{0: 0, 1: 0, 2: 0}",1.0,"{0: 3.0, 1: 3.0, 2: 3.0}",237
"{0: 0, 1: 0, 2: 0}",1.0,"{0: 3.0, 1: 3.0, 2: 3.0}",238
"{0: 0, 1: 0, 2: 0}",1.0,"{0: 3.0, 1: 3.0, 2: 3.0}",239
"{0: 1, 1: 0, 2: 0}",0.6666666666666666,"{0: 5.0, 1: 1.5, 2: 1.5}",240
"{0: 0, 1: 0, 2: 0}",1.0,"{0: 3.0, 1: 3.0, 2: 3.0}",241
"{0: 1, 1: 0, 2: 0}",0.6666666666666666,"{0: 5.0, 1: 1.5, 2: 1.5}",242
"{0: 1, 1: 0, 2: 0}",0.6666666666666666,"{0: 5.0, 1: 1.5, 2: 1.5}",243
"{0: 0, 1: 0, 2: 0}",1.0,"{0: 3.0, 1: 3.0, 2: 3.0}",244
"{0: 0, 1: 0, 2: 0}",1.0,"{0: 3.0, 1: 3.0, 2: 3.0}",245
"{0: 1, 1: 0, 2: 0}",0.6666666666666666,"{0: 5.0, 1: 1.5, 2: 1.5}",246
"{0: 1, 1: 0, 2: 0}",0.6666666666666666,"{0: 5.0, 1: 1.5, 2: 1.5}",247
"{0: 1, 1: 0, 2: 0}",0.6666666666666666,"{0: 5.0, 1: 1.5, 2: 1.5}",248
"{0: 0, 1: 0, 2: 0}",1.0,"{0: 3.0, 1: 3.0, 2: 3.0}",249
"{0: 1, 1: 0, 2: 0}",0.6666666666666666,"{0: 5.0, 1: 1.5, 2: 1.5}",250
"{0: 0, 1: 0, 2: 0}",1.0,"{0: 3.0, 1: 3.0, 2: 3.0}",251
"{0: 0, 1: 0, 2: 0}",1.0,"{0: 3.0, 1: 3.0, 2: 3.0}",252
"{0: 0, 1: 0, 2: 0}",1.0,"{0: 3.0, 1: 3.0, 2: 3.0}",253
"{0: 0, 1: 0, 2: 0}",1.0,"{0: 3.0, 1: 3.0, 2: 3.0}",254
"{0: 0, 1: 0, 2: 0}",1.0,"{0: 3.0, 1: 3.0, 2: 3.0}",255
"{0: 1, 1: 0, 2: 0}",0.6666666666666666,"{0: 5.0, 1: 1.5, 2: 1.5}",256
"{0: 1, 1: 0, 2: 0}",0.6666666666666666,"{0: 5.0, 1: 1.5, 2: 1.5}",257
"{0: 1, 1: 0, 2: 0}",0.6666666666666666,"{0: 5.0, 1: 1.5, 2: 1.5}",258
"{0: 1, 1: 0, 2: 0}",0.6666666666666666,"{0: 5.0, 1: 1.5, 2: 1.5}",259
"{0: 0, 1: 0, 2: 0}",1.0,"{0: 3.0, 1: 3.0, 2: 3.0}",260
"{0: 0, 1: 0, 2: 0}",1.0,"{0: 3.0, 1: 3.0, 2: 3.0}",261
"{0: 1, 1: 0, 2: 0}",0.6666666666666666,"{0: 5.0, 1: 1.5, 2: 1.5}",262
"{0: 1, 1: 0, 2: 0}",0.6666666666666666,"{0: 5.0, 1: 1.5, 2: 1.5}",263
"{0: 0, 1: 0, 2: 0}",1.0,"{0: 3.0, 1: 3.0, 2: 3.0}",264
"{0: 0, 1: 0, 2: 0}",1.0,"{0: 3.0, 1: 3.0, 2: 3.0}",265
"{0: 0, 1: 0, 2: 0}",1.0,"{0: 3.0, 1: 3.0, 2: 3.0}",266
"{0: 1, 1: 0, 2: 0}",0.6666666666666666,"{0: 5.0, 1: 1.5, 2: 1.5}",267
"{0: 1, 1: 0, 2: 0}",0.6666666666666666,"{0: 5.0, 1: 1.5, 2: 1.5}",268
"{0: 1, 1: 0, 2: 0}",0.6666666666666666,"{0: 5.0, 1: 1.5, 2: 1.5}",269
"{0: 1, 1: 0, 2: 0}",0.6666666666666666,"{0: 5.0, 1: 1.5, 2: 1.5}",270
"{0: 1, 1: 0, 2: 0}",0.6666666666666666,"{0: 5.0, 1: 1.5, 2: 1.5}",271
"{0: 1, 1: 0, 2: 0}",0.6666666666666666,"{0: 5.0, 1: 1.5, 2: 1.5}",272
"{0: 1, 1: 0, 2: 0}",0.6666666666666666,"{0: 5.0, 1: 1.5, 2: 1.5}",273
"{0: 0, 1: 0, 2: 0}",1.0,"{0: 3.0, 1: 3.0, 2: 3.0}",274
"{0: 1, 1: 0, 2: 0}",0.6666666666666666,"{0: 5.0, 1: 1.5, 2: 1.5}",275
"{0: 0, 1: 0, 2: 0}",1.0,"{0: 3.0, 1: 3.0, 2: 3.0}",276
"{0: 0, 1: 0, 2: 0}",1.0,"{0: 3.0, 1: 3.0, 2: 3.0}",277
"{0: 1, 1: 0, 2: 0}",0.6666666666666666,"{0: 5.0, 1: 1.5, 2: 1.5}",278
"{0: 1, 1: 0, 2: 0}",0.6666666666666666,"{0: 5.0, 1: 1.5, 2: 1.5}",279
"{0: 1, 1: 0, 2: 0}",0.6666666666666666,"{0: 5.0, 1: 1.5, 2: 1.5}",280
"{0: 0, 1: 0, 2: 0}",1.0,"{0: 3.0, 1: 3.0, 2: 3.0}",281
"{0: 0, 1: 0, 2: 0}",1.0,"{0: 3.0, 1: 3.0, 2: 3.0}",282
"{0: 1, 1: 0, 2: 0}",0.6666666666666666,"{0: 5.0, 1: 1.5, 2: 1.5}",283
"{0: 1, 1: 0, 2: 0}",0.6666666666666666,"{0: 5.0, 1: 1.5, 2: 1.5}",284
"{0: 1, 1: 0, 2: 0}",0.6666666666666666,"{0: 5.0, 1: 1.5, 2: 1.5}",285
"{0: 0, 1: 0, 2: 0}",1.0,"{0: 3.0, 1: 3.0, 2: 3.0}",286
"{0: 1, 1: 0, 2: 0}",0.6666666666666666,"{0: 5.0, 1: 1.5, 2: 1.5}",287
"{0: 1, 1: 0, 2: 0}",0.6666666666666666,"{0: 5.0, 1: 1.5, 2: 1.5}",288
"{0: 1, 1: 0, 2: 0}",0.6666666666666666,"{0: 5.0, 1: 1.5, 2: 1.5}",289
"{0: 0, 1: 0, 2: 0}",1.0,"{0: 3.0, 1: 3.0, 2: 3.0}",290
"{0: 1, 1: 0, 2: 0}",0.6666666666666666,"{0: 5.0, 1: 1.5, 2: 1.5}",291
"{0: 1, 1: 0, 2: 0}",0.6666666666666666,"{0: 5.0, 1: 1.5, 2: 1.5}",292
"{0: 0, 1: 0, 2: 0}",1.0,"{0: 3.0, 1: 3.0, 2: 3.0}",293
"{0: 0, 1: 0, 2: 0}",1.0,"{0: 3.0, 1: 3.0, 2: 3.0}",294
"{0: 1, 1: 0, 2: 0}",0.6666666666666666,"{0: 5.0, 1: 1.5, 2: 1.5}",295
"{0: 1, 1: 0, 2: 0}",0.6666666666666666,"{0: 5.0, 1: 1.5, 2: 1.5}",296
"{0: 1, 1: 0, 2: 0}",0.6666666666666666,"{0: 5.0, 1: 1.5, 2: 1.5}",297
"{0: 1, 1: 0, 2: 0}",0.6666666666666666,"{0: 5.0, 1: 1.5, 2: 1.5}",298
"{0: 1, 1: 0, 2: 0}",0.6666666666666666,"{0: 5.0, 1: 1.5, 2: 1.5}",299
"{0: 1, 1: 0, 2: 0}",0.6666666666666666,"{0: 5.0, 1: 1.5, 2: 1.5}",300
"{0: 0, 1: 0, 2: 0}",1.0,"{0: 3.0, 1: 3.0, 2: 3.0}",301
"{0: 0, 1: 0, 2: 0}",1.0,"{0: 3.0, 1: 3.0, 2: 3.0}",302
"{0: 0, 1: 0, 2: 0}",1.0,"{0: 3.0, 1: 3.0, 2: 3.0}",303
"{0: 1, 1: 0, 2: 0}",0.6666666666666666,"{0: 5.0, 1: 1.5, 2: 1.5}",304
"{0: 1, 1: 0, 2: 0}",0.6666666666666666,"{0: 5.0, 1: 1.5, 2: 1.5}",305
"{0: 1, 1: 0, 2: 0}",0.6666666666666666,"{0: 5.0, 1: 1.5, 2: 1.5}",306
"{0: 0, 1: 0, 2: 0}",1.0,"{0: 3.0, 1: 3.0, 2: 3.0}",307
"{0: 1, 1: 0, 2: 0}",0.6666666666666666,"{0: 5.0, 1: 1.5, 2: 1.5}",308
"{0: 1, 1: 0, 2: 0}",0.6666666666666666,"{0: 5.0, 1: 1.5, 2: 1.5}",309
"{0: 0, 1: 0, 2: 0}",1.0,"{0: 3.0, 1: 3.0, 2: 3.0}",310
"{0: 0, 1: 0, 2: 0}",1.0,"{0: 3.0, 1: 3.0, 2: 3.0}",311
"{0: 0, 1: 0, 2: 0}",1.0,"{0: 3.0, 1: 3.0, 2: 3.0}",312
"{0: 0, 1: 0, 2: 0}",1.0,"{0: 3.0, 1: 3.0, 2: 3.0}",313
"{0: 1, 1: 0, 2: 0}",0.6666666666666666,"{0: 5.0, 1: 1.5, 2: 1.5}",314
"{0: 1, 1: 0, 2: 0}",0.6666666666666666,"{0: 5.0, 1: 1.5, 2: 1.5}",315
"{0: 1, 1: 0, 2: 0}",0.6666666666666666,"{0: 5.0, 1: 1.5, 2: 1.5}",316
"{0: 0, 1: 0, 2: 0}",1.0,"{0: 3.0, 1: 3.0, 2: 3.0}",317
"{0: 0, 1: 0, 2: 0}",1.0,"{0: 3.0, 1: 3.0, 2: 3.0}",318
"{0: 0, 1: 0, 2: 0}",1.0,"{0: 3.0, 1: 3.0, 2: 3.0}",319
"{0: 1, 1: 0, 2: 0}",0.6666666666666666,"{0: 5.0, 1: 1.5, 2: 1.5}",320
"{0: 1, 1: 0, 2: 0}",0.6666666666666666,"{0: 5.0, 1: 1.5, 2: 1.5}",321
"{0: 0, 1: 0, 2: 0}",1.0,"{0: 3.0, 1: 3.0, 2: 3.0}",322
"{0: 1, 1: 0, 2: 0}",0.6666666666666666,"{0: 5.0, 1: 1.5, 2: 1.5}",323
"{0: 1, 1: 0, 2: 0}",0.6666666666666666,"{0: 5.0, 1: 1.5, 2: 1.5}",324
"{0: 1, 1: 0, 2: 0}",0.6666666666666666,"{0: 5.0, 1: 1.5, 2: 1.5}",325
"{0: 0, 1: 0, 2: 0}",1.0,"{0: 3.0, 1: 3.0, 2: 3.0}",326
"{0: 0, 1: 0, 2: 0}",1.0,"{0: 3.0, 1: 3.0, 2: 3.0}",327
"{0: 1, 1: 0, 2: 0}",0.6666666666666666,"{0: 5.0, 1: 1.5, 2: 1.5}",328
"{0: 1, 1: 0, 2: 0}",0.6666666666666666,"{0: 5.0, 1: 1.5, 2: 1.5}",329
"{0: 1, 1: 0, 2: 0}",0.6666666666666666,"{0: 5.0, 1: 1.5, 2: 1.5}",330
"{0: 0, 1: 0, 2: 0}",1.0,"{0: 3.0, 1: 3.0, 2: 3.0}",331
"{0: 1, 1: 0, 2: 0}",0.6666666666666666,"{0: 5.0, 1: 1.5, 2: 1.5}",332
"{0: 0, 1: 0, 2: 0}",1.0,"{0: 3.0, 1: 3.0, 2: 3.0}",333
"{0: 0, 1: 0, 2: 0}",1.0,"{0: 3.0, 1: 3.0, 2: 3.0}",334
"{0: 0, 1: 0, 2: 0}",1.0,"{0: 3.0, 1: 3.0, 2: 3.0}",335
"{0: 0, 1: 0, 2: 0}",1.0,"{0: 3.0, 1: 3.0, 2: 3.0}",336
"{0: 0, 1: 0, 2: 0}",1.0,"{0: 3.0, 1: 3.0, 2: 3.0}",337
"{0: 0, 1: 0, 2: 0}",1.0,"{0: 3.0, 1: 3.0, 2: 3.0}",338
"{0: 0, 1: 0, 2: 0}",1.0,"{0: 3.0, 1: 3.0, 2: 3.0}",339
"{0: 1, 1: 0, 2: 0}",0.6666666666666666,"{0: 5.0, 1: 1.5, 2: 1.5}",340
"{0: 1, 1: 0, 2: 0}",0.6666666666666666,"{0: 5.0, 1: 1.5, 2: 1.5}",341
"{0: 1, 1: 0, 2: 0}",0.6666666666666666,"{0: 5.0, 1: 1.5, 2: 1.5}",342
"{0: 1, 1: 0, 2: 0}",0.6666666666666666,"{0: 5.0, 1: 1.5, 2: 1.5}",343
"{0: 0, 1: 0, 2: 0}",1.0,"{0: 3.0, 1: 3.0, 2: 3.0}",344
"{0: 0, 1: 0, 2: 0}",1.0,"{0: 3.0, 1: 3.0, 2: 3.0}",345
"{0: 0, 1: 0, 2: 0}",1.0,"{0: 3.0, 1: 3.0, 2: 3.0}",346
"{0: 0, 1: 0, 2: 0}",1.0,"{0: 3.0, 1: 3.0, 2: 3.0}",347
"{0: 0, 1: 0, 2: 0}",1.0,"{0: 3.0, 1: 3.0, 2: 3.0}",348
"{0: 0, 1: 0, 2: 0}",1.0,"{0: 3.0, 1: 3.0, 2: 3.0}",349
"{0: 1, 1: 0, 2: 0}",0.6666666666666666,"{0: 5.0, 1: 1.5, 2: 1.5}",350
"{0: 0, 1: 0, 2: 0}",1.0,"{0: 3.0, 1: 3.0, 2: 3.0}",351
"{0: 0, 1: 0, 2: 0}",1.0,"{0: 3.0, 1: 3.0, 2: 3.0}",352
"{0: 1, 1: 0, 2: 0}",0.6666666666666666,"{0: 5.0, 1: 1.5, 2: 1.5}",353
"{0: 1, 1: 0, 2: 0}",0.6666666666666666,"{0: 5.0, 1: 1.5, 2: 1.5}",354
"{0: 1, 1: 0, 2: 0}",0.6666666666666666,"{0: 5.0, 1: 1.5, 2: 1.5}",355
"{0: 0, 1: 0, 2: 0}",1.0,"{0: 3.0, 1: 3.0, 2: 3.0}",356
"{0: 1, 1: 0, 2: 0}",0.6666666666666666,"{0: 5.0, 1: 1.5, 2: 1.5}",357
"{0: 0, 1: 0, 2: 0}",1.0,"{0: 3.0, 1: 3.0, 2: 3.0}",358
"{0: 1, 1: 0, 2: 0}",0.6666666666666666,"{0: 5.0, 1: 1.5, 2: 1.5}",359
"{0: 1, 1: 0, 2: 0}",0.6666666666666666,"{0: 5.0, 1: 1.5, 2: 1.5}",360
"{0: 1, 1: 0, 2: 0}",0.6666666666666666,"{0: 5.0, 1: 1.5, 2: 1.5}",361
"{0: 1, 1: 0, 2: 0}",0.6666666666666666,"{0: 5.0, 1: 1.5, 2: 1.5}",362
"{0: 0, 1: 0, 2: 0}",1.0,"{0: 3.0, 1: 3.0, 2: 3.0}",363
"{0: 1, 1: 0, 2: 0}",0.6666666666666666,"{0: 5.0, 1: 1.5, 2: 1.5}",364
"{0: 1, 1: 0, 2: 0}",0.6666666666666666,"{0: 5.0, 1: 1.5, 2: 1.5}",365
"{0: 1, 1: 0, 2: 0}",0.6666666666666666,"{0: 5.0, 1: 1.5, 2: 1.5}",366
"{0: 1, 1: 0, 2: 0}",0.6666666666666666,"{0: 5.0, 1: 1.5, 2: 1.5}",367
"{0: 1, 1: 0, 2: 0}",0.6666666666666666,"{0: 5.0, 1: 1.5, 2: 1.5}",368
"{0: 1, 1: 0, 2: 0}",0.6666666666666666,"{0: 5.0, 1: 1.5, 2: 1.5}",369
"{0: 0, 1: 0, 2: 0}",1.0,"{0: 3.0, 1: 3.0, 2: 3.0}",370
"{0: 0, 1: 0, 2: 0}",1.0,"{0: 3.0, 1: 3.0, 2: 3.0}",371
"{0: 1, 1: 0, 2: 0}",0.6666666666666666,"{0: 5.0, 1: 1.5, 2: 1.5}",372
"{0: 1, 1: 0, 2: 0}",0.6666666666666666,"{0: 5.0, 1: 1.5, 2: 1.5}",373
"{0: 0, 1: 0, 2: 0}",1.0,"{0: 3.0, 1: 3.0, 2: 3.0}",374
"{0: 1, 1: 0, 2: 0}",0.6666666666666666,"{0: 5.0, 1: 1.5, 2: 1.5}",375
"{0: 0, 1: 0, 2: 0}",1.0,"{0: 3.0, 1: 3.0, 2: 3.0}",376
"{0: 1, 1: 0, 2: 0}",0.6666666666666666,"{0: 5.0, 1: 1.5, 2: 1.5}",377
"{0: 0, 1: 0, 2: 0}",1.0,"{0: 3.0, 1: 3.0, 2: 3.0}",378
"{0: 1, 1: 0, 2: 0}",0.6666666666666666,"{0: 5.0, 1: 1.5, 2: 1.5}",379
"{0: 1, 1: 0, 2: 0}",0.6666666666666666,"{0: 5.0, 1: 1.5, 2: 1.5}",380
"{0: 1, 1: 0, 2: 0}",0.6666666666666666,"{0: 5.0, 1: 1.5, 2: 1.5}",381
"{0: 0, 1: 0, 2: 0}",1.0,"{0: 3.0, 1: 3.0, 2: 3.0}",382
"{0: 1, 1: 0, 2: 0}",0.6666666666666666,"{0: 5.0, 1: 1.5, 2: 1.5}",383
"{0: 0, 1: 0, 2: 0}",1.0,"{0: 3.0, 1: 3.0, 2: 3.0}",384
"{0: 1, 1: 0, 2: 0}",0.6666666666666666,"{0: 5.0, 1: 1.5, 2: 1.5}",385
"{0: 0, 1: 0, 2: 0}",1.0,"{0: 3.0, 1: 3.0, 2: 3.0}",386
"{0: 1, 1: 0, 2: 0}",0.6666666666666666,"{0: 5.0, 1: 1.5, 2: 1.5}",387
"{0: 1, 1: 0, 2: 0}",0.6666666666666666,"{0: 5.0, 1: 1.5, 2: 1.5}",388
"{0: 1, 1: 0, 2: 0}",0.6666666666666666,"{0: 5.0, 1: 1.5, 2: 1.5}",389
"{0: 0, 1: 0, 2: 0}",1.0,"{0: 3.0, 1: 3.0, 2: 3.0}",390
"{0: 0, 1: 0, 2: 0}",1.0,"{0: 3.0, 1: 3.0, 2: 3.0}",391
"{0: 0, 1: 0, 2: 0}",1.0,"{0: 3.0, 1: 3.0, 2: 3.0}",392
"{0: 1, 1: 0, 2: 0}",0.6666666666666666,"{0: 5.0, 1: 1.5, 2: 1.5}",393
"{0: 0, 1: 0, 2: 0}",1.0,"{0: 3.0, 1: 3.0, 2: 3.0}",394
"{0: 0, 1: 0, 2: 0}",1.0,"{0: 3.0, 1: 3.0, 2: 3.0}",395
"{0: 1, 1: 0, 2: 0}",0.6666666666666666,"{0: 5.0, 1: 1.5, 2: 1.5}",396
"{0: 0, 1: 0, 2: 0}",1.0,"{0: 3.0, 1: 3.0, 2: 3.0}",397
"{0: 0, 1: 0, 2: 0}",1.0,"{0: 3.0, 1: 3.0, 2: 3.0}",398
"{0: 1, 1: 0, 2: 0}",0.6666666666666666,"{0: 5.0, 1: 1.5, 2: 1.5}",399
"{0: 1, 1: 0, 2: 0}",0.6666666666666666,"{0: 5.0, 1: 1.5, 2: 1.5}",400
"{0: 0, 1: 0, 2: 0}",1.0,"{0: 3.0, 1: 3.0, 2: 3.0}",401
"{0: 0, 1: 0, 2: 0}",1.0,"{0: 3.0, 1: 3.0, 2: 3.0}",402
"{0: 1, 1: 0, 2: 0}",0.6666666666666666,"{0: 5.0, 1: 1.5, 2: 1.5}",403
"{0: 0, 1: 0, 2: 0}",1.0,"{0: 3.0, 1: 3.0, 2: 3.0}",404
"{0: 1, 1: 0, 2: 0}",0.6666666666666666,"{0: 5.0, 1: 1.5, 2: 1.5}",405
"{0: 1, 1: 0, 2: 0}",0.6666666666666666,"{0: 5.0, 1: 1.5, 2: 1.5}",406
"{0: 1, 1: 0, 2: 0}",0.6666666666666666,"{0: 5.0, 1: 1.5, 2: 1.5}",407
"{0: 0, 1: 0, 2: 0}",1.0,"{0: 3.0, 1: 3.0, 2: 3.0}",408
"{0: 0, 1: 0, 2: 0}",1.0,"{0: 3.0, 1: 3.0, 2: 3.0}",409
"{0: 0, 1: 0, 2: 0}",1.0,"{0: 3.0, 1: 3.0, 2: 3.0}",410
"{0: 1, 1: 0, 2: 0}",0.6666666666666666,"{0: 5.0, 1: 1.5, 2: 1.5}",411
"{0: 1, 1: 0, 2: 0}",0.6666666666666666,"{0: 5.0, 1: 1.5, 2: 1.5}",412
"{0: 0, 1: 0, 2: 0}",1.0,"{0: 3.0, 1: 3.0, 2: 3.0}",413
"{0: 1, 1: 0, 2: 0}",0.6666666666666666,"{0: 5.0, 1: 1.5, 2: 1.5}",414
"{0: 0, 1: 0, 2: 0}",1.0,"{0: 3.0, 1: 3.0, 2: 3.0}",415
"{0: 1, 1: 0, 2: 0}",0.6666666666666666,"{0: 5.0, 1: 1.5, 2: 1.5}",416
"{0: 0, 1: 0, 2: 0}",1.0,"{0: 3.0, 1: 3.0, 2: 3.0}",417
"{0: 0, 1: 0, 2: 0}",1.0,"{0: 3.0, 1: 3.0, 2: 3.0}",418
"{0: 1, 1: 0, 2: 0}",0.6666666666666666,"{0: 5.0, 1: 1.5, 2: 1.5}",419
"{0: 1, 1: 0, 2: 0}",0.6666666666666666,"{0: 5.0, 1: 1.5, 2: 1.5}",420
"{0: 0, 1: 0, 2: 0}",1.0,"{0: 3.0, 1: 3.0, 2: 3.0}",421
"{0: 0, 1: 0, 2: 0}",1.0,"{0: 3.0, 1: 3.0, 2: 3.0}",422
"{0: 1, 1: 0, 2: 0}",0.6666666666666666,"{0: 5.0, 1: 1.5, 2: 1.5}",423
"{0: 1, 1: 0, 2: 0}",0.6666666666666666,"{0: 5.0, 1: 1.5, 2: 1.5}",424
"{0: 0, 1: 0, 2: 0}",1.0,"{0: 3.0, 1: 3.0, 2: 3.0}",425
"{0: 1, 1: 0, 2: 0}",0.6666666666666666,"{0: 5.0, 1: 1.5, 2: 1.5}",426
"{0: 1, 1: 0, 2: 0}",0.6666666666666666,"{0: 5.0, 1: 1.5, 2: 1.5}",427
"{0: 1, 1: 0, 2: 0}",0.6666666666666666,"{0: 5.0, 1: 1.5, 2: 1.5}",428
"{0: 1, 1: 0, 2: 0}",0.6666666666666666,"{0: 5.0, 1: 1.5, 2: 1.5}",429
"{0: 0, 1: 0, 2: 0}",1.0,"{0: 3.0, 1: 3.0, 2: 3.0}",430
"{0: 1, 1: 0, 2: 0}",0.6666666666666666,"{0: 5.0, 1: 1.5, 2: 1.5}",431
"{0: 0, 1: 0, 2: 0}",1.0,"{0: 3.0, 1: 3.0, 2: 3.0}",432
"{0: 0, 1: 0, 2: 0}",1.0,"{0: 3.0, 1: 3.0, 2: 3.0}",433
"{0: 0, 1: 0, 2: 0}",1.0,"{0: 3.0, 1: 3.0, 2: 3.0}",434
"{0: 1, 1: 0, 2: 0}",0.6666666666666666,"{0: 5.0, 1: 1.5, 2: 1.5}",435
"{0: 1, 1: 0, 2: 0}",0.6666666666666666,"{0: 5.0, 1: 1.5, 2: 1.5}",436
"{0: 1, 1: 0, 2: 0}",0.6666666666666666,"{0: 5.0, 1: 1.5, 2: 1.5}",437
"{0: 0, 1: 0, 2: 0}",1.0,"{0: 3.0, 1: 3.0, 2: 3.0}",438
"{0: 0, 1: 0, 2: 0}",1.0,"{0: 3.0, 1: 3.0, 2: 3.0}",439
"{0: 0, 1: 0, 2: 0}",1.0,"{0: 3.0, 1: 3.0, 2: 3.0}",440
"{0: 1, 1: 0, 2: 0}",0.6666666666666666,"{0: 5.0, 1: 1.5, 2: 1.5}",441
"{0: 0, 1: 0, 2: 0}",1.0,"{0: 3.0, 1: 3.0, 2: 3.0}",442
"{0: 0, 1: 0, 2: 0}",1.0,"{0: 3.0, 1: 3.0, 2: 3.0}",443
"{0: 0, 1: 0, 2: 0}",1.0,"{0: 3.0, 1: 3.0, 2: 3.0}",444
"{0: 0, 1: 0, 2: 0}",1.0,"{0: 3.0, 1: 3.0, 2: 3.0}",445
"{0: 1, 1: 0, 2: 0}",0.6666666666666666,"{0: 5.0, 1: 1.5, 2: 1.5}",446
"{0: 0, 1: 0, 2: 0}",1.0,"{0: 3.0, 1: 3.0, 2: 3.0}",447
"{0: 1, 1: 0, 2: 0}",0.6666666666666666,"{0: 5.0, 1: 1.5, 2: 1.5}",448
"{0: 0, 1: 0, 2: 0}",1.0,"{0: 3.0, 1: 3.0, 2: 3.0}",449
"{0: 0, 1: 0, 2: 0}",1.0,"{0: 3.0, 1: 3.0, 2: 3.0}",450
"{0: 0, 1: 0, 2: 0}",1.0,"{0: 3.0, 1: 3.0, 2: 3.0}",451
"{0: 0, 1: 0, 2: 0}",1.0,"{0: 3.0, 1: 3.0, 2: 3.0}",452
"{0: 0, 1: 0, 2: 0}",1.0,"{0: 3.0, 1: 3.0, 2: 3.0}",453
"{0: 1, 1: 0, 2: 0}",0.6666666666666666,"{0: 5.0, 1: 1.5, 2: 1.5}",454
"{0: 1, 1: 0, 2: 0}",0.6666666666666666,"{0: 5.0, 1: 1.5, 2: 1.5}",455
"{0: 0, 1: 0, 2: 0}",1.0,"{0: 3.0, 1: 3.0, 2: 3.0}",456
"{0: 0, 1: 0, 2: 0}",1.0,"{0: 3.0, 1: 3.0, 2: 3.0}",457
"{0: 0, 1: 0, 2: 0}",1.0,"{0: 3.0, 1: 3.0, 2: 3.0}",458
"{0: 1, 1: 0, 2: 0}",0.6666666666666666,"{0: 5.0, 1: 1.5, 2: 1.5}",459
"{0: 0, 1: 0, 2: 0}",1.0,"{0: 3.0, 1: 3.0, 2: 3.0}",460
"{0: 0, 1: 0, 2: 0}",1.0,"{0: 3.0, 1: 3.0, 2: 3.0}",461
"{0: 1, 1: 0, 2: 0}",0.6666666666666666,"{0: 5.0, 1: 1.5, 2: 1.5}",462
"{0: 1, 1: 0, 2: 0}",0.6666666666666666,"{0: 5.0, 1: 1.5, 2: 1.5}",463
"{0: 1, 1: 0, 2: 0}",0.6666666666666666,"{0: 5.0, 1: 1.5, 2: 1.5}",464
"{0: 1, 1: 0, 2: 0}",0.6666666666666666,"{0: 5.0, 1: 1.5, 2: 1.5}",465
"{0: 0, 1: 0, 2: 0}",1.0,"{0: 3.0, 1: 3.0, 2: 3.0}",466
"{0: 1, 1: 0, 2: 0}",0.6666666666666666,"{0: 5.0, 1: 1.5, 2: 1.5}",467
"{0: 1, 1: 0, 2: 0}",0.6666666666666666,"{0: 5.0, 1: 1.5, 2: 1.5}",468
"{0: 1, 1: 0, 2: 0}",0.6666666666666666,"{0: 5.0, 1: 1.5, 2: 1.5}",469
"{0: 1, 1: 0, 2: 0}",0.6666666666666666,"{0: 5.0, 1: 1.5, 2: 1.5}",470
"{0: 1, 1: 0, 2: 0}",0.6666666666666666,"{0: 5.0, 1: 1.5, 2: 1.5}",471
"{0: 0, 1: 0, 2: 0}",1.0,"{0: 3.0, 1: 3.0, 2: 3.0}",472
"{0: 1, 1: 0, 2: 0}",0.6666666666666666,"{0: 5.0, 1: 1.5, 2: 1.5}",473
"{0: 0, 1: 0, 2: 0}",1.0,"{0: 3.0, 1: 3.0, 2: 3.0}",474
"{0: 1, 1: 0, 2: 0}",0.6666666666666666,"{0: 5.0, 1: 1.5, 2: 1.5}",475
"{0: 1, 1: 0, 2: 0}",0.6666666666666666,"{0: 5.0, 1: 1.5, 2: 1.5}",476
"{0: 0, 1: 0, 2: 0}",1.0,"{0: 3.0, 1: 3.0, 2: 3.0}",477
"{0: 0, 1: 0, 2: 0}",1.0,"{0: 3.0, 1: 3.0, 2: 3.0}",478
"{0: 0, 1: 0, 2: 0}",1.0,"{0: 3.0, 1: 3.0, 2: 3.0}",479
"{0: 0, 1: 0, 2: 0}",1.0,"{0: 3.0, 1: 3.0, 2: 3.0}",480
"{0: 1, 1: 0, 2: 0}",0.6666666666666666,"{0: 5.0, 1: 1.5, 2: 1.5}",481
"{0: 1, 1: 0, 2: 0}",0.6666666666666666,"{0: 5.0, 1: 1.5, 2: 1.5}",482
"{0: 1, 1: 0, 2: 0}",0.6666666666666666,"{0: 5.0, 1: 1.5, 2: 1.5}",483
"{0: 1, 1: 0, 2: 0}",0.6666666666666666,"{0: 5.0, 1: 1.5, 2: 1.5}",484
"{0: 0, 1: 0, 2: 0}",1.0,"{0: 3.0, 1: 3.0, 2: 3.0}",485
"{0: 0, 1: 0, 2: 0}",1.0,"{0: 3.0, 1: 3.0, 2: 3.0}",486
"{0: 0, 1: 0, 2: 0}",1.0,"{0: 3.0, 1: 3.0, 2: 3.0}",487
"{0: 0, 1: 0, 2: 0}",1.0,"{0: 3.0, 1: 3.0, 2: 3.0}",488
"{0: 0, 1: 0, 2: 0}",1.0,"{0: 3.0, 1: 3.0, 2: 3.0}",489
"{0: 0, 1: 0, 2: 0}",1.0,"{0: 3.0, 1: 3.0, 2: 3.0}",490
"{0: 1, 1: 0, 2: 0}",0.6666666666666666,"{0: 5.0, 1: 1.5, 2: 1.5}",491
"{0: 1, 1: 0, 2: 0}",0.6666666666666666,"{0: 5.0, 1: 1.5, 2: 1.5}",492
"{0: 1, 1: 0, 2: 0}",0.6666666666666666,"{0: 5.0, 1: 1.5, 2: 1.5}",493
"{0: 0, 1: 0, 2: 0}",1.0,"{0: 3.0, 1: 3.0, 2: 3.0}",494
"{0: 0, 1: 0, 2: 0}",1.0,"{0: 3.0, 1: 3.0, 2: 3.0}",495
"{0: 1, 1: 0, 2: 0}",0.6666666666666666,"{0: 5.0, 1: 1.5, 2: 1.5}",496
"{0: 0, 1: 0, 2: 0}",1.0,"{0: 3.0, 1: 3.0, 2: 3.0}",497
"{0: 0, 1: 0, 2: 0}",1.0,"{0: 3.0, 1: 3.0, 2: 3.0}",498
"{0: 1, 1: 0, 2: 0}",0.6666666666666666,"{0: 5.0, 1: 1.5, 2: 1.5}",499
"{0: 1, 1: 0, 2: 0}",0.6666666666666666,"{0: 5.0, 1: 1.5, 2: 1.5}",500
"{0: 0, 1: 0, 2: 0}",1.0,"{0: 3.0, 1: 3.0, 2: 3.0}",501
"{0: 0, 1: 0, 2: 0}",1.0,"{0: 3.0, 1: 3.0, 2: 3.0}",502
"{0: 0, 1: 0, 2: 0}",1.0,"{0: 3.0, 1: 3.0, 2: 3.0}",503
"{0: 0, 1: 0, 2: 0}",1.0,"{0: 3.0, 1: 3.0, 2: 3.0}",504
"{0: 1, 1: 0, 2: 0}",0.6666666666666666,"{0: 5.0, 1: 1.5, 2: 1.5}",505
"{0: 1, 1: 0, 2: 0}",0.6666666666666666,"{0: 5.0, 1: 1.5, 2: 1.5}",506
"{0: 1, 1: 0, 2: 0}",0.6666666666666666,"{0: 5.0, 1: 1.5, 2: 1.5}",507
"{0: 0, 1: 0, 2: 0}",1.0,"{0: 3.0, 1: 3.0, 2: 3.0}",508
"{0: 0, 1: 0, 2: 0}",1.0,"{0: 3.0, 1: 3.0, 2: 3.0}",509
"{0: 1, 1: 0, 2: 0}",0.6666666666666666,"{0: 5.0, 1: 1.5, 2: 1.5}",510
"{0: 1, 1: 0, 2: 0}",0.6666666666666666,"{0: 5.0, 1: 1.5, 2: 1.5}",511
"{0: 0, 1: 0, 2: 0}",1.0,"{0: 3.0, 1: 3.0, 2: 3.0}",512
"{0: 1, 1: 0, 2: 0}",0.6666666666666666,"{0: 5.0, 1: 1.5, 2: 1.5}",513
"{0: 1, 1: 0, 2: 0}",0.6666666666666666,"{0: 5.0, 1: 1.5, 2: 1.5}",514
"{0: 1, 1: 0, 2: 0}",0.6666666666666666,"{0: 5.0, 1: 1.5, 2: 1.5}",515
"{0: 1, 1: 0, 2: 0}",0.6666666666666666,"{0: 5.0, 1: 1.5, 2: 1.5}",516
"{0: 1, 1: 0, 2: 0}",0.6666666666666666,"{0: 5.0, 1: 1.5, 2: 1.5}",517
"{0: 1, 1: 0, 2: 0}",0.6666666666666666,"{0: 5.0, 1: 1.5, 2: 1.5}",518
"{0: 0, 1: 0, 2: 0}",1.0,"{0: 3.0, 1: 3.0, 2: 3.0}",519
"{0: 1, 1: 0, 2: 0}",0.6666666666666666,"{0: 5.0, 1: 1.5, 2: 1.5}",520
"{0: 0, 1: 0, 2: 0}",1.0,"{0: 3.0, 1: 3.0, 2: 3.0}",521
"{0: 0, 1: 0, 2: 0}",1.0,"{0: 3.0, 1: 3.0, 2: 3.0}",522
"{0: 1, 1: 0, 2: 0}",0.6666666666666666,"{0: 5.0, 1: 1.5, 2: 1.5}",523
"{0: 0, 1: 0, 2: 0}",1.0,"{0: 3.0, 1: 3.0, 2: 3.0}",524
"{0: 0, 1: 0, 2: 0}",1.0,"{0: 3.0, 1: 3.0, 2: 3.0}",525
"{0: 0, 1: 0, 2: 0}",1.0,"{0: 3.0, 1: 3.0, 2: 3.0}",526
"{0: 1, 1: 0, 2: 0}",0.6666666666666666,"{0: 5.0, 1: 1.5, 2: 1.5}",527
"{0: 1, 1: 0, 2: 0}",0.6666666666666666,"{0: 5.0, 1: 1.5, 2: 1.5}",528
"{0: 1, 1: 0, 2: 0}",0.6666666666666666,"{0: 5.0, 1: 1.5, 2: 1.5}",529
"{0: 0, 1: 0, 2: 0}",1.0,"{0: 3.0, 1: 3.0, 2: 3.0}",530
"{0: 0, 1: 0, 2: 0}",1.0,"{0: 3.0, 1: 3.0, 2: 3.0}",531
"{0: 1, 1: 0, 2: 0}",0.6666666666666666,"{0: 5.0, 1: 1.5, 2: 1.5}",532
"{0: 1, 1: 0, 2: 0}",0.6666666666666666,"{0: 5.0, 1: 1.5, 2: 1.5}",533
"{0: 0, 1: 0, 2: 0}",1.0,"{0: 3.0, 1: 3.0, 2: 3.0}",534
"{0: 0, 1: 0, 2: 0}",1.0,"{0: 3.0, 1: 3.0, 2: 3.0}",535
"{0: 1, 1: 0, 2: 0}",0.6666666666666666,"{0: 5.0, 1: 1.5, 2: 1.5}",536
"{0: 0, 1: 0, 2: 0}",1.0,"{0: 3.0, 1: 3.0, 2: 3.0}",537
"{0: 1, 1: 0, 2: 0}",0.6666666666666666,"{0: 5.0, 1: 1.5, 2: 1.5}",538
"{0: 0, 1: 0, 2: 0}",1.0,"{0: 3.0, 1: 3.0, 2: 3.0}",539
"{0: 0, 1: 0, 2: 0}",1.0,"{0: 3.0, 1: 3.0, 2: 3.0}",540
"{0: 0, 1: 0, 2: 0}",1.0,"{0: 3.0, 1: 3.0, 2: 3.0}",541
"{0: 0, 1: 0, 2: 0}",1.0,"{0: 3.0, 1: 3.0, 2: 3.0}",542
"{0: 1, 1: 0, 2: 0}",0.6666666666666666,"{0: 5.0, 1: 1.5, 2: 1.5}",543
"{0: 0, 1: 0, 2: 0}",1.0,"{0: 3.0, 1: 3.0, 2: 3.0}",544
"{0: 1, 1: 0, 2: 0}",0.6666666666666666,"{0: 5.0, 1: 1.5, 2: 1.5}",545
"{0: 0, 1: 0, 2: 0}",1.0,"{0: 3.0, 1: 3.0, 2: 3.0}",546
"{0: 0, 1: 0, 2: 0}",1.0,"{0: 3.0, 1: 3.0, 2: 3.0}",547
"{0: 1, 1: 0, 2: 0}",0.6666666666666666,"{0: 5.0, 1: 1.5, 2: 1.5}",548
"{0: 0, 1: 0, 2: 0}",1.0,"{0: 3.0, 1: 3.0, 2: 3.0}",549
"{0: 0, 1: 0, 2: 0}",1.0,"{0: 3.0, 1: 3.0, 2: 3.0}",550
"{0: 0, 1: 0, 2: 0}",1.0,"{0: 3.0, 1: 3.0, 2: 3.0}",551
"{0: 1, 1: 0, 2: 0}",0.6666666666666666,"{0: 5.0, 1: 1.5, 2: 1.5}",552
"{0: 0, 1: 0, 2: 0}",1.0,"{0: 3.0, 1: 3.0, 2: 3.0}",553
"{0: 1, 1: 0, 2: 0}",0.6666666666666666,"{0: 5.0, 1: 1.5, 2: 1.5}",554
"{0: 0, 1: 0, 2: 0}",1.0,"{0: 3.0, 1: 3.0, 2: 3.0}",555
"{0: 0, 1: 0, 2: 0}",1.0,"{0: 3.0, 1: 3.0, 2: 3.0}",556
"{0: 0, 1: 0, 2: 0}",1.0,"{0: 3.0, 1: 3.0, 2: 3.0}",557
"{0: 0, 1: 0, 2: 0}",1.0,"{0: 3.0, 1: 3.0, 2: 3.0}",558
"{0: 1, 1: 0, 2: 0}",0.6666666666666666,"{0: 5.0, 1: 1.5, 2: 1.5}",559
"{0: 1, 1: 0, 2: 0}",0.6666666666666666,"{0: 5.0, 1: 1.5, 2: 1.5}",560
"{0: 0, 1: 0, 2: 0}",1.0,"{0: 3.0, 1: 3.0, 2: 3.0}",561
"{0: 0, 1: 0, 2: 0}",1.0,"{0: 3.0, 1: 3.0, 2: 3.0}",562
"{0: 0, 1: 0, 2: 0}",1.0,"{0: 3.0, 1: 3.0, 2: 3.0}",563
"{0: 1, 1: 0, 2: 0}",0.6666666666666666,"{0: 5.0, 1: 1.5, 2: 1.5}",564
"{0: 1, 1: 0, 2: 0}",0.6666666666666666,"{0: 5.0, 1: 1.5, 2: 1.5}",565
"{0: 0, 1: 0, 2: 0}",1.0,"{0: 3.0, 1: 3.0, 2: 3.0}",566
"{0: 1, 1: 0, 2: 0}",0.6666666666666666,"{0: 5.0, 1: 1.5, 2: 1.5}",567
"{0: 1, 1: 0, 2: 0}",0.6666666666666666,"{0: 5.0, 1: 1.5, 2: 1.5}",568
"{0: 1, 1: 0, 2: 0}",0.6666666666666666,"{0: 5.0, 1: 1.5, 2: 1.5}",569
"{0: 1, 1: 0, 2: 0}",0.6666666666666666,"{0: 5.0, 1: 1.5, 2: 1.5}",570
"{0: 0, 1: 0, 2: 0}",1.0,"{0: 3.0, 1: 3.0, 2: 3.0}",571
"{0: 1, 1: 0, 2: 0}",0.6666666666666666,"{0: 5.0, 1: 1.5, 2: 1.5}",572
"{0: 1, 1: 0, 2: 0}",0.6666666666666666,"{0: 5.0, 1: 1.5, 2: 1.5}",573
"{0: 0, 1: 0, 2: 0}",1.0,"{0: 3.0, 1: 3.0, 2: 3.0}",574
"{0: 0, 1: 0, 2: 0}",1.0,"{0: 3.0, 1: 3.0, 2: 3.0}",575
"{0: 1, 1: 0, 2: 0}",0.6666666666666666,"{0: 5.0, 1: 1.5, 2: 1.5}",576
"{0: 1, 1: 0, 2: 0}",0.6666666666666666,"{0: 5.0, 1: 1.5, 2: 1.5}",577
"{0: 1, 1: 0, 2: 0}",0.6666666666666666,"{0: 5.0, 1: 1.5, 2: 1.5}",578
"{0: 1, 1: 0, 2: 0}",0.6666666666666666,"{0: 5.0, 1: 1.5, 2: 1.5}",579
"{0: 0, 1: 0, 2: 0}",1.0,"{0: 3.0, 1: 3.0, 2: 3.0}",580
"{0: 1, 1: 0, 2: 0}",0.6666666666666666,"{0: 5.0, 1: 1.5, 2: 1.5}",581
"{0: 0, 1: 0, 2: 0}",1.0,"{0: 3.0, 1: 3.0, 2: 3.0}",582
"{0: 0, 1: 0, 2: 0}",1.0,"{0: 3.0, 1: 3.0, 2: 3.0}",583
"{0: 1, 1: 0, 2: 0}",0.6666666666666666,"{0: 5.0, 1: 1.5, 2: 1.5}",584
"{0: 1, 1: 0, 2: 0}",0.6666666666666666,"{0: 5.0, 1: 1.5, 2: 1.5}",585
"{0: 0, 1: 0, 2: 0}",1.0,"{0: 3.0, 1: 3.0, 2: 3.0}",586
"{0: 0, 1: 0, 2: 0}",1.0,"{0: 3.0, 1: 3.0, 2: 3.0}",587
"{0: 1, 1: 0, 2: 0}",0.6666666666666666,"{0: 5.0, 1: 1.5, 2: 1.5}",588
"{0: 0, 1: 0, 2: 0}",1.0,"{0: 3.0, 1: 3.0, 2: 3.0}",589
"{0: 0, 1: 0, 2: 0}",1.0,"{0: 3.0, 1: 3.0, 2: 3.0}",590
"{0: 1, 1: 0, 2: 0}",0.6666666666666666,"{0: 5.0, 1: 1.5, 2: 1.5}",591
"{0: 0, 1: 0, 2: 0}",1.0,"{0: 3.0, 1: 3.0, 2: 3.0}",592
"{0: 1, 1: 0, 2: 0}",0.6666666666666666,"{0: 5.0, 1: 1.5, 2: 1.5}",593
"{0: 1, 1: 0, 2: 0}",0.6666666666666666,"{0: 5.0, 1: 1.5, 2: 1.5}",594
"{0: 0, 1: 0, 2: 0}",1.0,"{0: 3.0, 1: 3.0, 2: 3.0}",595
"{0: 0, 1: 0, 2: 0}",1.0,"{0: 3.0, 1: 3.0, 2: 3.0}",596
"{0: 0, 1: 0, 2: 0}",1.0,"{0: 3.0, 1: 3.0, 2: 3.0}",597
"{0: 1, 1: 0, 2: 0}",0.6666666666666666,"{0: 5.0, 1: 1.5, 2: 1.5}",598
"{0: 0, 1: 0, 2: 0}",1.0,"{0: 3.0, 1: 3.0, 2: 3.0}",599
"{0: 1, 1: 0, 2: 0}",0.6666666666666666,"{0: 5.0, 1: 1.5, 2: 1.5}",600
"{0: 0, 1: 0, 2: 0}",1.0,"{0: 3.0, 1: 3.0, 2: 3.0}",601
"{0: 1, 1: 0, 2: 0}",0.6666666666666666,"{0: 5.0, 1: 1.5, 2: 1.5}",602
"{0: 1, 1: 0, 2: 0}",0.6666666666666666,"{0: 5.0, 1: 1.5, 2: 1.5}",603
"{0: 1, 1: 0, 2: 0}",0.6666666666666666,"{0: 5.0, 1: 1.5, 2: 1.5}",604
"{0: 0, 1: 0, 2: 0}",1.0,"{0: 3.0, 1: 3.0, 2: 3.0}",605
"{0: 0, 1: 0, 2: 0}",1.0,"{0: 3.0, 1: 3.0, 2: 3.0}",606
"{0: 0, 1: 0, 2: 0}",1.0,"{0: 3.0, 1: 3.0, 2: 3.0}",607
"{0: 1, 1: 0, 2: 0}",0.6666666666666666,"{0: 5.0, 1: 1.5, 2: 1.5}",608
"{0: 0, 1: 0, 2: 0}",1.0,"{0: 3.0, 1: 3.0, 2: 3.0}",609
"{0: 0, 1: 0, 2: 0}",1.0,"{0: 3.0, 1: 3.0, 2: 3.0}",610
"{0: 0, 1: 0, 2: 0}",1.0,"{0: 3.0, 1: 3.0, 2: 3.0}",611
"{0: 0, 1: 0, 2: 0}",1.0,"{0: 3.0, 1: 3.0, 2: 3.0}",612
"{0: 0, 1: 0, 2: 0}",1.0,"{0: 3.0, 1: 3.0, 2: 3.0}",613
"{0: 0, 1: 0, 2: 0}",1.0,"{0: 3.0, 1: 3.0, 2: 3.0}",614
"{0: 0, 1: 0, 2: 0}",1.0,"{0: 3.0, 1: 3.0, 2: 3.0}",615
"{0: 0, 1: 0, 2: 0}",1.0,"{0: 3.0, 1: 3.0, 2: 3.0}",616
"{0: 1, 1: 0, 2: 0}",0.6666666666666666,"{0: 5.0, 1: 1.5, 2: 1.5}",617
"{0: 1, 1: 0, 2: 0}",0.6666666666666666,"{0: 5.0, 1: 1.5, 2: 1.5}",618
"{0: 1, 1: 0, 2: 0}",0.6666666666666666,"{0: 5.0, 1: 1.5, 2: 1.5}",619
"{0: 1, 1: 0, 2: 0}",0.6666666666666666,"{0: 5.0, 1: 1.5, 2: 1.5}",620
"{0: 0, 1: 0, 2: 0}",1.0,"{0: 3.0, 1: 3.0, 2: 3.0}",621
"{0: 1, 1: 0, 2: 0}",0.6666666666666666,"{0: 5.0, 1: 1.5, 2: 1.5}",622
"{0: 1, 1: 0, 2: 0}",0.6666666666666666,"{0: 5.0, 1: 1.5, 2: 1.5}",623
"{0: 1, 1: 0, 2: 0}",0.6666666666666666,"{0: 5.0, 1: 1.5, 2: 1.5}",624
"{0: 0, 1: 0, 2: 0}",1.0,"{0: 3.0, 1: 3.0, 2: 3.0}",625
"{0: 1, 1: 0, 2: 0}",0.6666666666666666,"{0: 5.0, 1: 1.5, 2: 1.5}",626
"{0: 1, 1: 0, 2: 0}",0.6666666666666666,"{0: 5.0, 1: 1.5, 2: 1.5}",627
"{0: 0, 1: 0, 2: 0}",1.0,"{0: 3.0, 1: 3.0, 2: 3.0}",628
"{0: 1, 1: 0, 2: 0}",0.6666666666666666,"{0: 5.0, 1: 1.5, 2: 1.5}",629
"{0: 0, 1: 0, 2: 0}",1.0,"{0: 3.0, 1: 3.0, 2: 3.0}",630
"{0: 1, 1: 0, 2: 0}",0.6666666666666666,"{0: 5.0, 1: 1.5, 2: 1.5}",631
"{0: 1, 1: 0, 2: 0}",0.6666666666666666,"{0: 5.0, 1: 1.5, 2: 1.5}",632
"{0: 1, 1: 0, 2: 0}",0.6666666666666666,"{0: 5.0, 1: 1.5, 2: 1.5}",633
"{0: 0, 1: 0, 2: 0}",1.0,"{0: 3.0, 1: 3.0, 2: 3.0}",634
"{0: 1, 1: 0, 2: 0}",0.6666666666666666,"{0: 5.0, 1: 1.5, 2: 1.5}",635
"{0: 0, 1: 0, 2: 0}",1.0,"{0: 3.0, 1: 3.0, 2: 3.0}",636
"{0: 1, 1: 0, 2: 0}",0.6666666666666666,"{0: 5.0, 1: 1.5, 2: 1.5}",637
"{0: 1, 1: 0, 2: 0}",0.6666666666666666,"{0: 5.0, 1: 1.5, 2: 1.5}",638
"{0: 1, 1: 0, 2: 0}",0.6666666666666666,"{0: 5.0, 1: 1.5, 2: 1.5}",639
"{0: 1, 1: 0, 2: 0}",0.6666666666666666,"{0: 5.0, 1: 1.5, 2: 1.5}",640
"{0: 1, 1: 0, 2: 0}",0.6666666666666666,"{0: 5.0, 1: 1.5, 2: 1.5}",641
"{0: 0, 1: 0, 2: 0}",1.0,"{0: 3.0, 1: 3.0, 2: 3.0}",642
"{0: 0, 1: 0, 2: 0}",1.0,"{0: 3.0, 1: 3.0, 2: 3.0}",643
"{0: 1, 1: 0, 2: 0}",0.6666666666666666,"{0: 5.0, 1: 1.5, 2: 1.5}",644
"{0: 0, 1: 0, 2: 0}",1.0,"{0: 3.0, 1: 3.0, 2: 3.0}",645
"{0: 1, 1: 0, 2: 0}",0.6666666666666666,"{0: 5.0, 1: 1.5, 2: 1.5}",646
"{0: 1, 1: 0, 2: 0}",0.6666666666666666,"{0: 5.0, 1: 1.5, 2: 1.5}",647
"{0: 1, 1: 0, 2: 0}",0.6666666666666666,"{0: 5.0, 1: 1.5, 2: 1.5}",648
"{0: 0, 1: 0, 2: 0}",1.0,"{0: 3.0, 1: 3.0, 2: 3.0}",649
"{0: 1, 1: 0, 2: 0}",0.6666666666666666,"{0: 5.0, 1: 1.5, 2: 1.5}",650
"{0: 1, 1: 0, 2: 0}",0.6666666666666666,"{0: 5.0, 1: 1.5, 2: 1.5}",651
"{0: 0, 1: 0, 2: 0}",1.0,"{0: 3.0, 1: 3.0, 2: 3.0}",652
"{0: 1, 1: 0, 2: 0}",0.6666666666666666,"{0: 5.0, 1: 1.5, 2: 1.5}",653
"{0: 0, 1: 0, 2: 0}",1.0,"{0: 3.0, 1: 3.0, 2: 3.0}",654
"{0: 0, 1: 0, 2: 0}",1.0,"{0: 3.0, 1: 3.0, 2: 3.0}",655
"{0: 1, 1: 0, 2: 0}",0.6666666666666666,"{0: 5.0, 1: 1.5, 2: 1.5}",656
"{0: 1, 1: 0, 2: 0}",0.6666666666666666,"{0: 5.0, 1: 1.5, 2: 1.5}",657
"{0: 1, 1: 0, 2: 0}",0.6666666666666666,"{0: 5.0, 1: 1.5, 2: 1.5}",658
"{0: 1, 1: 0, 2: 0}",0.6666666666666666,"{0: 5.0, 1: 1.5, 2: 1.5}",659
"{0: 1, 1: 0, 2: 0}",0.6666666666666666,"{0: 5.0, 1: 1.5, 2: 1.5}",660
"{0: 1, 1: 0, 2: 0}",0.6666666666666666,"{0: 5.0, 1: 1.5, 2: 1.5}",661
"{0: 0, 1: 0, 2: 0}",1.0,"{0: 3.0, 1: 3.0, 2: 3.0}",662
"{0: 1, 1: 0, 2: 0}",0.6666666666666666,"{0: 5.0, 1: 1.5, 2: 1.5}",663
"{0: 1, 1: 0, 2: 0}",0.6666666666666666,"{0: 5.0, 1: 1.5, 2: 1.5}",664
"{0: 1, 1: 0, 2: 0}",0.6666666666666666,"{0: 5.0, 1: 1.5, 2: 1.5}",665
"{0: 0, 1: 0, 2: 0}",1.0,"{0: 3.0, 1: 3.0, 2: 3.0}",666
"{0: 1, 1: 0, 2: 0}",0.6666666666666666,"{0: 5.0, 1: 1.5, 2: 1.5}",667
"{0: 1, 1: 0, 2: 0}",0.6666666666666666,"{0: 5.0, 1: 1.5, 2: 1.5}",668
"{0: 0, 1: 0, 2: 0}",1.0,"{0: 3.0, 1: 3.0, 2: 3.0}",669
"{0: 0, 1: 0, 2: 0}",1.0,"{0: 3.0, 1: 3.0, 2: 3.0}",670
"{0: 0, 1: 0, 2: 0}",1.0,"{0: 3.0, 1: 3.0, 2: 3.0}",671
"{0: 1, 1: 0, 2: 0}",0.6666666666666666,"{0: 5.0, 1: 1.5, 2: 1.5}",672
"{0: 1, 1: 0, 2: 0}",0.6666666666666666,"{0: 5.0, 1: 1.5, 2: 1.5}",673
"{0: 0, 1: 0, 2: 0}",1.0,"{0: 3.0, 1: 3.0, 2: 3.0}",674
"{0: 1, 1: 0, 2: 0}",0.6666666666666666,"{0: 5.0, 1: 1.5, 2: 1.5}",675
"{0: 0, 1: 0, 2: 0}",1.0,"{0: 3.0, 1: 3.0, 2: 3.0}",676
"{0: 0, 1: 0, 2: 0}",1.0,"{0: 3.0, 1: 3.0, 2: 3.0}",677
"{0: 0, 1: 0, 2: 0}",1.0,"{0: 3.0, 1: 3.0, 2: 3.0}",678
"{0: 1, 1: 0, 2: 0}",0.6666666666666666,"{0: 5.0, 1: 1.5, 2: 1.5}",679
"{0: 1, 1: 0, 2: 0}",0.6666666666666666,"{0: 5.0, 1: 1.5, 2: 1.5}",680
"{0: 1, 1: 0, 2: 0}",0.6666666666666666,"{0: 5.0, 1: 1.5, 2: 1.5}",681
"{0: 1, 1: 0, 2: 0}",0.6666666666666666,"{0: 5.0, 1: 1.5, 2: 1.5}",682
"{0: 1, 1: 0, 2: 0}",0.6666666666666666,"{0: 5.0, 1: 1.5, 2: 1.5}",683
"{0: 0, 1: 0, 2: 0}",1.0,"{0: 3.0, 1: 3.0, 2: 3.0}",684
"{0: 1, 1: 0, 2: 0}",0.6666666666666666,"{0: 5.0, 1: 1.5, 2: 1.5}",685
"{0: 1, 1: 0, 2: 0}",0.6666666666666666,"{0: 5.0, 1: 1.5, 2: 1.5}",686
"{0: 1, 1: 0, 2: 0}",0.6666666666666666,"{0: 5.0, 1: 1.5, 2: 1.5}",687
"{0: 0, 1: 0, 2: 0}",1.0,"{0: 3.0, 1: 3.0, 2: 3.0}",688
"{0: 1, 1: 0, 2: 0}",0.6666666666666666,"{0: 5.0, 1: 1.5, 2: 1.5}",689
"{0: 1, 1: 0, 2: 0}",0.6666666666666666,"{0: 5.0, 1: 1.5, 2: 1.5}",690
"{0: 0, 1: 0, 2: 0}",1.0,"{0: 3.0, 1: 3.0, 2: 3.0}",691
"{0: 1, 1: 0, 2: 0}",0.6666666666666666,"{0: 5.0, 1: 1.5, 2: 1.5}",692
"{0: 0, 1: 0, 2: 0}",1.0,"{0: 3.0, 1: 3.0, 2: 3.0}",693
"{0: 1, 1: 0, 2: 0}",0.6666666666666666,"{0: 5.0, 1: 1.5, 2: 1.5}",694
"{0: 1, 1: 0, 2: 0}",0.6666666666666666,"{0: 5.0, 1: 1.5, 2: 1.5}",695
"{0: 1, 1: 0, 2: 0}",0.6666666666666666,"{0: 5.0, 1: 1.5, 2: 1.5}",696
"{0: 1, 1: 0, 2: 0}",0.6666666666666666,"{0: 5.0, 1: 1.5, 2: 1.5}",697
"{0: 0, 1: 0, 2: 0}",1.0,"{0: 3.0, 1: 3.0, 2: 3.0}",698
"{0: 1, 1: 0, 2: 0}",0.6666666666666666,"{0: 5.0, 1: 1.5, 2: 1.5}",699
"{0: 1, 1: 0, 2: 0}",0.6666666666666666,"{0: 5.0, 1: 1.5, 2: 1.5}",700
"{0: 1, 1: 0, 2: 0}",0.6666666666666666,"{0: 5.0, 1: 1.5, 2: 1.5}",701
"{0: 0, 1: 0, 2: 0}",1.0,"{0: 3.0, 1: 3.0, 2: 3.0}",702
"{0: 0, 1: 0, 2: 0}",1.0,"{0: 3.0, 1: 3.0, 2: 3.0}",703
"{0: 1, 1: 0, 2: 0}",0.6666666666666666,"{0: 5.0, 1: 1.5, 2: 1.5}",704
"{0: 0, 1: 0, 2: 0}",1.0,"{0: 3.0, 1: 3.0, 2: 3.0}",705
"{0: 1, 1: 0, 2: 0}",0.6666666666666666,"{0: 5.0, 1: 1.5, 2: 1.5}",706
"{0: 1, 1: 0, 2: 0}",0.6666666666666666,"{0: 5.0, 1: 1.5, 2: 1.5}",707
"{0: 1, 1: 0, 2: 0}",0.6666666666666666,"{0: 5.0, 1: 1.5, 2: 1.5}",708
"{0: 1, 1: 0, 2: 0}",0.6666666666666666,"{0: 5.0, 1: 1.5, 2: 1.5}",709
"{0: 1, 1: 0, 2: 0}",0.6666666666666666,"{0: 5.0, 1: 1.5, 2: 1.5}",710
"{0: 0, 1: 0, 2: 0}",1.0,"{0: 3.0, 1: 3.0, 2: 3.0}",711
"{0: 1, 1: 0, 2: 0}",0.6666666666666666,"{0: 5.0, 1: 1.5, 2: 1.5}",712
"{0: 0, 1: 0, 2: 0}",1.0,"{0: 3.0, 1: 3.0, 2: 3.0}",713
"{0: 0, 1: 0, 2: 0}",1.0,"{0: 3.0, 1: 3.0, 2: 3.0}",714
"{0: 0, 1: 0, 2: 0}",1.0,"{0: 3.0, 1: 3.0, 2: 3.0}",715
"{0: 0, 1: 0, 2: 0}",1.0,"{0: 3.0, 1: 3.0, 2: 3.0}",716
"{0: 0, 1: 0, 2: 0}",1.0,"{0: 3.0, 1: 3.0, 2: 3.0}",717
"{0: 1, 1: 0, 2: 0}",0.6666666666666666,"{0: 5.0, 1: 1.5, 2: 1.5}",718
"{0: 0, 1: 0, 2: 0}",1.0,"{0: 3.0, 1: 3.0, 2: 3.0}",719
"{0: 1, 1: 0, 2: 0}",0.6666666666666666,"{0: 5.0, 1: 1.5, 2: 1.5}",720
"{0: 0, 1: 0, 2: 0}",1.0,"{0: 3.0, 1: 3.0, 2: 3.0}",721
"{0: 0, 1: 0, 2: 0}",1.0,"{0: 3.0, 1: 3.0, 2: 3.0}",722
"{0: 0, 1: 0, 2: 0}",1.0,"{0: 3.0, 1: 3.0, 2: 3.0}",723
"{0: 1, 1: 0, 2: 0}",0.6666666666666666,"{0: 5.0, 1: 1.5, 2: 1.5}",724
"{0: 1, 1: 0, 2: 0}",0.6666666666666666,"{0: 5.0, 1: 1.5, 2: 1.5}",725
"{0: 1, 1: 0, 2: 0}",0.6666666666666666,"{0: 5.0, 1: 1.5, 2: 1.5}",726
"{0: 1, 1: 0, 2: 0}",0.6666666666666666,"{0: 5.0, 1: 1.5, 2: 1.5}",727
"{0: 1, 1: 0, 2: 0}",0.6666666666666666,"{0: 5.0, 1: 1.5, 2: 1.5}",728
"{0: 0, 1: 0, 2: 0}",1.0,"{0: 3.0, 1: 3.0, 2: 3.0}",729
"{0: 0, 1: 0, 2: 0}",1.0,"{0: 3.0, 1: 3.0, 2: 3.0}",730
"{0: 0, 1: 0, 2: 0}",1.0,"{0: 3.0, 1: 3.0, 2: 3.0}",731
"{0: 1, 1: 0, 2: 0}",0.6666666666666666,"{0: 5.0, 1: 1.5, 2: 1.5}",732
"{0: 1, 1: 0, 2: 0}",0.6666666666666666,"{0: 5.0, 1: 1.5, 2: 1.5}",733
"{0: 1, 1: 0, 2: 0}",0.6666666666666666,"{0: 5.0, 1: 1.5, 2: 1.5}",734
"{0: 1, 1: 0, 2: 0}",0.6666666666666666,"{0: 5.0, 1: 1.5, 2: 1.5}",735
"{0: 0, 1: 0, 2: 0}",1.0,"{0: 3.0, 1: 3.0, 2: 3.0}",736
"{0: 0, 1: 0, 2: 0}",1.0,"{0: 3.0, 1: 3.0, 2: 3.0}",737
"{0: 1, 1: 0, 2: 0}",0.6666666666666666,"{0: 5.0, 1: 1.5, 2: 1.5}",738
"{0: 1, 1: 0, 2: 0}",0.6666666666666666,"{0: 5.0, 1: 1.5, 2: 1.5}",739
"{0: 0, 1: 0, 2: 0}",1.0,"{0: 3.0, 1: 3.0, 2: 3.0}",740
"{0: 0, 1: 0, 2: 0}",1.0,"{0: 3.0, 1: 3.0, 2: 3.0}",741
"{0: 0, 1: 0, 2: 0}",1.0,"{0: 3.0, 1: 3.0, 2: 3.0}",742
"{0: 1, 1: 0, 2: 0}",0.6666666666666666,"{0: 5.0, 1: 1.5, 2: 1.5}",743
"{0: 1, 1: 0, 2: 0}",0.6666666666666666,"{0: 5.0, 1: 1.5, 2: 1.5}",744
"{0: 0, 1: 0, 2: 0}",1.0,"{0: 3.0, 1: 3.0, 2: 3.0}",745
"{0: 0, 1: 0, 2: 0}",1.0,"{0: 3.0, 1: 3.0, 2: 3.0}",746
"{0: 1, 1: 0, 2: 0}",0.6666666666666666,"{0: 5.0, 1: 1.5, 2: 1.5}",747
"{0: 0, 1: 0, 2: 0}",1.0,"{0: 3.0, 1: 3.0, 2: 3.0}",748
"{0: 1, 1: 0, 2: 0}",0.6666666666666666,"{0: 5.0, 1: 1.5, 2: 1.5}",749
"{0: 0, 1: 0, 2: 0}",1.0,"{0: 3.0, 1: 3.0, 2: 3.0}",750
"{0: 0, 1: 0, 2: 0}",1.0,"{0: 3.0, 1: 3.0, 2: 3.0}",751
"{0: 1, 1: 0, 2: 0}",0.6666666666666666,"{0: 5.0, 1: 1.5, 2: 1.5}",752
"{0: 1, 1: 0, 2: 0}",0.6666666666666666,"{0: 5.0, 1: 1.5, 2: 1.5}",753
"{0: 0, 1: 0, 2: 0}",1.0,"{0: 3.0, 1: 3.0, 2: 3.0}",754
"{0: 0, 1: 0, 2: 0}",1.0,"{0: 3.0, 1: 3.0, 2: 3.0}",755
"{0: 1, 1: 0, 2: 0}",0.6666666666666666,"{0: 5.0, 1: 1.5, 2: 1.5}",756
"{0: 1, 1: 0, 2: 0}",0.6666666666666666,"{0: 5.0, 1: 1.5, 2: 1.5}",757
"{0: 0, 1: 0, 2: 0}",1.0,"{0: 3.0, 1: 3.0, 2: 3.0}",758
"{0: 0, 1: 0, 2: 0}",1.0,"{0: 3.0, 1: 3.0, 2: 3.0}",759
"{0: 0, 1: 0, 2: 0}",1.0,"{0: 3.0, 1: 3.0, 2: 3.0}",760
"{0: 1, 1: 0, 2: 0}",0.6666666666666666,"{0: 5.0, 1: 1.5, 2: 1.5}",761
"{0: 1, 1: 0, 2: 0}",0.6666666666666666,"{0: 5.0, 1: 1.5, 2: 1.5}",762
"{0: 1, 1: 0, 2: 0}",0.6666666666666666,"{0: 5.0, 1: 1.5, 2: 1.5}",763
"{0: 1, 1: 0, 2: 0}",0.6666666666666666,"{0: 5.0, 1: 1.5, 2: 1.5}",764
"{0: 0, 1: 0, 2: 0}",1.0,"{0: 3.0, 1: 3.0, 2: 3.0}",765
"{0: 0, 1: 0, 2: 0}",1.0,"{0: 3.0, 1: 3.0, 2: 3.0}",766
"{0: 1, 1: 0, 2: 0}",0.6666666666666666,"{0: 5.0, 1: 1.5, 2: 1.5}",767
"{0: 0, 1: 0, 2: 0}",1.0,"{0: 3.0, 1: 3.0, 2: 3.0}",768
"{0: 1, 1: 0, 2: 0}",0.6666666666666666,"{0: 5.0, 1: 1.5, 2: 1.5}",769
"{0: 1, 1: 0, 2: 0}",0.6666666666666666,"{0: 5.0, 1: 1.5, 2: 1.5}",770
"{0: 0, 1: 0, 2: 0}",1.0,"{0: 3.0, 1: 3.0, 2: 3.0}",771
"{0: 1, 1: 0, 2: 0}",0.6666666666666666,"{0: 5.0, 1: 1.5, 2: 1.5}",772
"{0: 1, 1: 0, 2: 0}",0.6666666666666666,"{0: 5.0, 1: 1.5, 2: 1.5}",773
"{0: 0, 1: 0, 2: 0}",1.0,"{0: 3.0, 1: 3.0, 2: 3.0}",774
"{0: 1, 1: 0, 2: 0}",0.6666666666666666,"{0: 5.0, 1: 1.5, 2: 1.5}",775
"{0: 0, 1: 0, 2: 0}",1.0,"{0: 3.0, 1: 3.0, 2: 3.0}",776
"{0: 0, 1: 0, 2: 0}",1.0,"{0: 3.0, 1: 3.0, 2: 3.0}",777
"{0: 1, 1: 0, 2: 0}",0.6666666666666666,"{0: 5.0, 1: 1.5, 2: 1.5}",778
"{0: 0, 1: 0, 2: 0}",1.0,"{0: 3.0, 1: 3.0, 2: 3.0}",779
"{0: 0, 1: 0, 2: 0}",1.0,"{0: 3.0, 1: 3.0, 2: 3.0}",780
"{0: 0, 1: 0, 2: 0}",1.0,"{0: 3.0, 1: 3.0, 2: 3.0}",781
"{0: 0, 1: 0, 2: 0}",1.0,"{0: 3.0, 1: 3.0, 2: 3.0}",782
"{0: 1, 1: 0, 2: 0}",0.6666666666666666,"{0: 5.0, 1: 1.5, 2: 1.5}",783
"{0: 0, 1: 0, 2: 0}",1.0,"{0: 3.0, 1: 3.0, 2: 3.0}",784
"{0: 0, 1: 0, 2: 0}",1.0,"{0: 3.0, 1: 3.0, 2: 3.0}",785
"{0: 0, 1: 0, 2: 0}",1.0,"{0: 3.0, 1: 3.0, 2: 3.0}",786
"{0: 1, 1: 0, 2: 0}",0.6666666666666666,"{0: 5.0, 1: 1.5, 2: 1.5}",787
"{0: 0, 1: 0, 2: 0}",1.0,"{0: 3.0, 1: 3.0, 2: 3.0}",788
"{0: 1, 1: 0, 2: 0}",0.6666666666666666,"{0: 5.0, 1: 1.5, 2: 1.5}",789
"{0: 0, 1: 0, 2: 0}",1.0,"{0: 3.0, 1: 3.0, 2: 3.0}",790
"{0: 0, 1: 0, 2: 0}",1.0,"{0: 3.0, 1: 3.0, 2: 3.0}",791
"{0: 0, 1: 0, 2: 0}",1.0,"{0: 3.0, 1: 3.0, 2: 3.0}",792
"{0: 1, 1: 0, 2: 0}",0.6666666666666666,"{0: 5.0, 1: 1.5, 2: 1.5}",793
"{0: 0, 1: 0, 2: 0}",1.0,"{0: 3.0, 1: 3.0, 2: 3.0}",794
"{0: 1, 1: 0, 2: 0}",0.6666666666666666,"{0: 5.0, 1: 1.5, 2: 1.5}",795
"{0: 0, 1: 0, 2: 0}",1.0,"{0: 3.0, 1: 3.0, 2: 3.0}",796
"{0: 1, 1: 0, 2: 0}",0.6666666666666666,"{0: 5.0, 1: 1.5, 2: 1.5}",797
"{0: 1, 1: 0, 2: 0}",0.6666666666666666,"{0: 5.0, 1: 1.5, 2: 1.5}",798
"{0: 0, 1: 0, 2: 0}",1.0,"{0: 3.0, 1: 3.0, 2: 3.0}",799
"{0: 0, 1: 0, 2: 0}",1.0,"{0: 3.0, 1: 3.0, 2: 3.0}",800
"{0: 0, 1: 0, 2: 0}",1.0,"{0: 3.0, 1: 3.0, 2: 3.0}",801
"{0: 1, 1: 0, 2: 0}",0.6666666666666666,"{0: 5.0, 1: 1.5, 2: 1.5}",802
"{0: 0, 1: 0, 2: 0}",1.0,"{0: 3.0, 1: 3.0, 2: 3.0}",803
"{0: 0, 1: 0, 2: 0}",1.0,"{0: 3.0, 1: 3.0, 2: 3.0}",804
"{0: 0, 1: 0, 2: 0}",1.0,"{0: 3.0, 1: 3.0, 2: 3.0}",805
"{0: 1, 1: 0, 2: 0}",0.6666666666666666,"{0: 5.0, 1: 1.5, 2: 1.5}",806
"{0: 0, 1: 0, 2: 0}",1.0,"{0: 3.0, 1: 3.0, 2: 3.0}",807
"{0: 0, 1: 0, 2: 0}",1.0,"{0: 3.0, 1: 3.0, 2: 3.0}",808
"{0: 1, 1: 0, 2: 0}",0.6666666666666666,"{0: 5.0, 1: 1.5, 2: 1.5}",809
"{0: 1, 1: 0, 2: 0}",0.6666666666666666,"{0: 5.0, 1: 1.5, 2: 1.5}",810
"{0: 1, 1: 0, 2: 0}",0.6666666666666666,"{0: 5.0, 1: 1.5, 2: 1.5}",811
"{0: 0, 1: 0, 2: 0}",1.0,"{0: 3.0, 1: 3.0, 2: 3.0}",812
"{0: 0, 1: 0, 2: 0}",1.0,"{0: 3.0, 1: 3.0, 2: 3.0}",813
"{0: 0, 1: 0, 2: 0}",1.0,"{0: 3.0, 1: 3.0, 2: 3.0}",814
"{0: 0, 1: 0, 2: 0}",1.0,"{0: 3.0, 1: 3.0, 2: 3.0}",815
"{0: 0, 1: 0, 2: 0}",1.0,"{0: 3.0, 1: 3.0, 2: 3.0}",816
"{0: 0, 1: 0, 2: 0}",1.0,"{0: 3.0, 1: 3.0, 2: 3.0}",817
"{0: 1, 1: 0, 2: 0}",0.6666666666666666,"{0: 5.0, 1: 1.5, 2: 1.5}",818
"{0: 1, 1: 0, 2: 0}",0.6666666666666666,"{0: 5.0, 1: 1.5, 2: 1.5}",819
"{0: 0, 1: 0, 2: 0}",1.0,"{0: 3.0, 1: 3.0, 2: 3.0}",820
"{0: 0, 1: 0, 2: 0}",1.0,"{0: 3.0, 1: 3.0, 2: 3.0}",821
"{0: 0, 1: 0, 2: 0}",1.0,"{0: 3.0, 1: 3.0, 2: 3.0}",822
"{0: 0, 1: 0, 2: 0}",1.0,"{0: 3.0, 1: 3.0, 2: 3.0}",823
"{0: 0, 1: 0, 2: 0}",1.0,"{0: 3.0, 1: 3.0, 2: 3.0}",824
"{0: 1, 1: 0, 2: 0}",0.6666666666666666,"{0: 5.0, 1: 1.5, 2: 1.5}",825
"{0: 1, 1: 0, 2: 0}",0.6666666666666666,"{0: 5.0, 1: 1.5, 2: 1.5}",826
"{0: 1, 1: 0, 2: 0}",0.6666666666666666,"{0: 5.0, 1: 1.5, 2: 1.5}",827
"{0: 0, 1: 0, 2: 0}",1.0,"{0: 3.0, 1: 3.0, 2: 3.0}",828
"{0: 0, 1: 0, 2: 0}",1.0,"{0: 3.0, 1: 3.0, 2: 3.0}",829
"{0: 1, 1: 0, 2: 0}",0.6666666666666666,"{0: 5.0, 1: 1.5, 2: 1.5}",830
"{0: 1, 1: 0, 2: 0}",0.6666666666666666,"{0: 5.0, 1: 1.5, 2: 1.5}",831
"{0: 0, 1: 0, 2: 0}",1.0,"{0: 3.0, 1: 3.0, 2: 3.0}",832
"{0: 1, 1: 0, 2: 0}",0.6666666666666666,"{0: 5.0, 1: 1.5, 2: 1.5}",833
"{0: 0, 1: 0, 2: 0}",1.0,"{0: 3.0, 1: 3.0, 2: 3.0}",834
"{0: 0, 1: 0, 2: 0}",1.0,"{0: 3.0, 1: 3.0, 2: 3.0}",835
"{0: 0, 1: 0, 2: 0}",1.0,"{0: 3.0, 1: 3.0, 2: 3.0}",836
"{0: 1, 1: 0, 2: 0}",0.6666666666666666,"{0: 5.0, 1: 1.5, 2: 1.5}",837
"{0: 0, 1: 0, 2: 0}",1.0,"{0: 3.0, 1: 3.0, 2: 3.0}",838
"{0: 1, 1: 0, 2: 0}",0.6666666666666666,"{0: 5.0, 1: 1.5, 2: 1.5}",839
"{0: 1, 1: 0, 2: 0}",0.6666666666666666,"{0: 5.0, 1: 1.5, 2: 1.5}",840
"{0: 0, 1: 0, 2: 0}",1.0,"{0: 3.0, 1: 3.0, 2: 3.0}",841
"{0: 1, 1: 0, 2: 0}",0.6666666666666666,"{0: 5.0, 1: 1.5, 2: 1.5}",842
"{0: 1, 1: 0, 2: 0}",0.6666666666666666,"{0: 5.0, 1: 1.5, 2: 1.5}",843
"{0: 1, 1: 0, 2: 0}",0.6666666666666666,"{0: 5.0, 1: 1.5, 2: 1.5}",844
"{0: 1, 1: 0, 2: 0}",0.6666666666666666,"{0: 5.0, 1: 1.5, 2: 1.5}",845
"{0: 1, 1: 0, 2: 0}",0.6666666666666666,"{0: 5.0, 1: 1.5, 2: 1.5}",846
"{0: 0, 1: 0, 2: 0}",1.0,"{0: 3.0, 1: 3.0, 2: 3.0}",847
"{0: 0, 1: 0, 2: 0}",1.0,"{0: 3.0, 1: 3.0, 2: 3.0}",848
"{0: 0, 1: 0, 2: 0}",1.0,"{0: 3.0, 1: 3.0, 2: 3.0}",849
"{0: 0, 1: 0, 2: 0}",1.0,"{0: 3.0, 1: 3.0, 2: 3.0}",850
"{0: 0, 1: 0, 2: 0}",1.0,"{0: 3.0, 1: 3.0, 2: 3.0}",851
"{0: 1, 1: 0, 2: 0}",0.6666666666666666,"{0: 5.0, 1: 1.5, 2: 1.5}",852
"{0: 0, 1: 0, 2: 0}",1.0,"{0: 3.0, 1: 3.0, 2: 3.0}",853
"{0: 0, 1: 0, 2: 0}",1.0,"{0: 3.0, 1: 3.0, 2: 3.0}",854
"{0: 0, 1: 0, 2: 0}",1.0,"{0: 3.0, 1: 3.0, 2: 3.0}",855
"{0: 1, 1: 0, 2: 0}",0.6666666666666666,"{0: 5.0, 1: 1.5, 2: 1.5}",856
"{0: 0, 1: 0, 2: 0}",1.0,"{0: 3.0, 1: 3.0, 2: 3.0}",857
"{0: 1, 1: 0, 2: 0}",0.6666666666666666,"{0: 5.0, 1: 1.5, 2: 1.5}",858
"{0: 0, 1: 0, 2: 0}",1.0,"{0: 3.0, 1: 3.0, 2: 3.0}",859
"{0: 0, 1: 0, 2: 0}",1.0,"{0: 3.0, 1: 3.0, 2: 3.0}",860
"{0: 1, 1: 0, 2: 0}",0.6666666666666666,"{0: 5.0, 1: 1.5, 2: 1.5}",861
"{0: 1, 1: 0, 2: 0}",0.6666666666666666,"{0: 5.0, 1: 1.5, 2: 1.5}",862
"{0: 1, 1: 0, 2: 0}",0.6666666666666666,"{0: 5.0, 1: 1.5, 2: 1.5}",863
"{0: 0, 1: 0, 2: 0}",1.0,"{0: 3.0, 1: 3.0, 2: 3.0}",864
"{0: 1, 1: 0, 2: 0}",0.6666666666666666,"{0: 5.0, 1: 1.5, 2: 1.5}",865
"{0: 0, 1: 0, 2: 0}",1.0,"{0: 3.0, 1: 3.0, 2: 3.0}",866
"{0: 1, 1: 0, 2: 0}",0.6666666666666666,"{0: 5.0, 1: 1.5, 2: 1.5}",867
"{0: 1, 1: 0, 2: 0}",0.6666666666666666,"{0: 5.0, 1: 1.5, 2: 1.5}",868
"{0: 0, 1: 0, 2: 0}",1.0,"{0: 3.0, 1: 3.0, 2: 3.0}",869
"{0: 0, 1: 0, 2: 0}",1.0,"{0: 3.0, 1: 3.0, 2: 3.0}",870
"{0: 1, 1: 0, 2: 0}",0.6666666666666666,"{0: 5.0, 1: 1.5, 2: 1.5}",871
"{0: 1, 1: 0, 2: 0}",0.6666666666666666,"{0: 5.0, 1: 1.5, 2: 1.5}",872
"{0: 0, 1: 0, 2: 0}",1.0,"{0: 3.0, 1: 3.0, 2: 3.0}",873
"{0: 1, 1: 0, 2: 0}",0.6666666666666666,"{0: 5.0, 1: 1.5, 2: 1.5}",874
"{0: 0, 1: 0, 2: 0}",1.0,"{0: 3.0, 1: 3.0, 2: 3.0}",875
"{0: 0, 1: 0, 2: 0}",1.0,"{0: 3.0, 1: 3.0, 2: 3.0}",876
"{0: 0, 1: 0, 2: 0}",1.0,"{0: 3.0, 1: 3.0, 2: 3.0}",877
"{0: 1, 1: 0, 2: 0}",0.6666666666666666,"{0: 5.0, 1: 1.5, 2: 1.5}",878
"{0: 1, 1: 0, 2: 0}",0.6666666666666666,"{0: 5.0, 1: 1.5, 2: 1.5}",879
"{0: 0, 1: 0, 2: 0}",1.0,"{0: 3.0, 1: 3.0, 2: 3.0}",880
"{0: 1, 1: 0, 2: 0}",0.6666666666666666,"{0: 5.0, 1: 1.5, 2: 1.5}",881
"{0: 0, 1: 0, 2: 0}",1.0,"{0: 3.0, 1: 3.0, 2: 3.0}",882
"{0: 1, 1: 0, 2: 0}",0.6666666666666666,"{0: 5.0, 1: 1.5, 2: 1.5}",883
"{0: 1, 1: 0, 2: 0}",0.6666666666666666,"{0: 5.0, 1: 1.5, 2: 1.5}",884
"{0: 0, 1: 0, 2: 0}",1.0,"{0: 3.0, 1: 3.0, 2: 3.0}",885
"{0: 0, 1: 0, 2: 0}",1.0,"{0: 3.0, 1: 3.0, 2: 3.0}",886
"{0: 1, 1: 0, 2: 0}",0.6666666666666666,"{0: 5.0, 1: 1.5, 2: 1.5}",887
"{0: 1, 1: 0, 2: 0}",0.6666666666666666,"{0: 5.0, 1: 1.5, 2: 1.5}",888
"{0: 0, 1: 0, 2: 0}",1.0,"{0: 3.0, 1: 3.0, 2: 3.0}",889
"{0: 0, 1: 0, 2: 0}",1.0,"{0: 3.0, 1: 3.0, 2: 3.0}",890
"{0: 1, 1: 0, 2: 0}",0.6666666666666666,"{0: 5.0, 1: 1.5, 2: 1.5}",891
"{0: 1, 1: 0, 2: 0}",0.6666666666666666,"{0: 5.0, 1: 1.5, 2: 1.5}",892
"{0: 0, 1: 0, 2: 0}",1.0,"{0: 3.0, 1: 3.0, 2: 3.0}",893
"{0: 1, 1: 0, 2: 0}",0.6666666666666666,"{0: 5.0, 1: 1.5, 2: 1.5}",894
"{0: 1, 1: 0, 2: 0}",0.6666666666666666,"{0: 5.0, 1: 1.5, 2: 1.5}",895
"{0: 1, 1: 0, 2: 0}",0.6666666666666666,"{0: 5.0, 1: 1.5, 2: 1.5}",896
"{0: 0, 1: 0, 2: 0}",1.0,"{0: 3.0, 1: 3.0, 2: 3.0}",897
"{0: 1, 1: 0, 2: 0}",0.6666666666666666,"{0: 5.0, 1: 1.5, 2: 1.5}",898
"{0: 1, 1: 0, 2: 0}",0.6666666666666666,"{0: 5.0, 1: 1.5, 2: 1.5}",899
"{0: 1, 1: 0, 2: 0}",0.6666666666666666,"{0: 5.0, 1: 1.5, 2: 1.5}",900
"{0: 0, 1: 0, 2: 0}",1.0,"{0: 3.0, 1: 3.0, 2: 3.0}",901
"{0: 1, 1: 0, 2: 0}",0.6666666666666666,"{0: 5.0, 1: 1.5, 2: 1.5}",902
"{0: 1, 1: 0, 2: 0}",0.6666666666666666,"{0: 5.0, 1: 1.5, 2: 1.5}",903
"{0: 0, 1: 0, 2: 0}",1.0,"{0: 3.0, 1: 3.0, 2: 3.0}",904
"{0: 0, 1: 0, 2: 0}",1.0,"{0: 3.0, 1: 3.0, 2: 3.0}",905
"{0: 1, 1: 0, 2: 0}",0.6666666666666666,"{0: 5.0, 1: 1.5, 2: 1.5}",906
"{0: 0, 1: 0, 2: 0}",1.0,"{0: 3.0, 1: 3.0, 2: 3.0}",907
"{0: 0, 1: 0, 2: 0}",1.0,"{0: 3.0, 1: 3.0, 2: 3.0}",908
"{0: 0, 1: 0, 2: 0}",1.0,"{0: 3.0, 1: 3.0, 2: 3.0}",909
"{0: 0, 1: 0, 2: 0}",1.0,"{0: 3.0, 1: 3.0, 2: 3.0}",910
"{0: 0, 1: 0, 2: 0}",1.0,"{0: 3.0, 1: 3.0, 2: 3.0}",911
"{0: 0, 1: 0, 2: 0}",1.0,"{0: 3.0, 1: 3.0, 2: 3.0}",912
"{0: 0, 1: 0, 2: 0}",1.0,"{0: 3.0, 1: 3.0, 2: 3.0}",913
"{0: 1, 1: 0, 2: 0}",0.6666666666666666,"{0: 5.0, 1: 1.5, 2: 1.5}",914
"{0: 0, 1: 0, 2: 0}",1.0,"{0: 3.0, 1: 3.0, 2: 3.0}",915
"{0: 0, 1: 0, 2: 0}",1.0,"{0: 3.0, 1: 3.0, 2: 3.0}",916
"{0: 0, 1: 0, 2: 0}",1.0,"{0: 3.0, 1: 3.0, 2: 3.0}",917
"{0: 0, 1: 0, 2: 0}",1.0,"{0: 3.0, 1: 3.0, 2: 3.0}",918
"{0: 1, 1: 0, 2: 0}",0.6666666666666666,"{0: 5.0, 1: 1.5, 2: 1.5}",919
"{0: 1, 1: 0, 2: 0}",0.6666666666666666,"{0: 5.0, 1: 1.5, 2: 1.5}",920
"{0: 0, 1: 0, 2: 0}",1.0,"{0: 3.0, 1: 3.0, 2: 3.0}",921
"{0: 0, 1: 0, 2: 0}",1.0,"{0: 3.0, 1: 3.0, 2: 3.0}",922
"{0: 0, 1: 0, 2: 0}",1.0,"{0: 3.0, 1: 3.0, 2: 3.0}",923
"{0: 1, 1: 0, 2: 0}",0.6666666666666666,"{0: 5.0, 1: 1.5, 2: 1.5}",924
"{0: 0, 1: 0, 2: 0}",1.0,"{0: 3.0, 1: 3.0, 2: 3.0}",925
"{0: 0, 1: 0, 2: 0}",1.0,"{0: 3.0, 1: 3.0, 2: 3.0}",926
"{0: 1, 1: 0, 2: 0}",0.6666666666666666,"{0: 5.0, 1: 1.5, 2: 1.5}",927
"{0: 1, 1: 0, 2: 0}",0.6666666666666666,"{0: 5.0, 1: 1.5, 2: 1.5}",928
"{0: 1, 1: 0, 2: 0}",0.6666666666666666,"{0: 5.0, 1: 1.5, 2: 1.5}",929
"{0: 1, 1: 0, 2: 0}",0.6666666666666666,"{0: 5.0, 1: 1.5, 2: 1.5}",930
"{0: 0, 1: 0, 2: 0}",1.0,"{0: 3.0, 1: 3.0, 2: 3.0}",931
"{0: 0, 1: 0, 2: 0}",1.0,"{0: 3.0, 1: 3.0, 2: 3.0}",932
"{0: 1, 1: 0, 2: 0}",0.6666666666666666,"{0: 5.0, 1: 1.5, 2: 1.5}",933
"{0: 0, 1: 0, 2: 0}",1.0,"{0: 3.0, 1: 3.0, 2: 3.0}",934
"{0: 1, 1: 0, 2: 0}",0.6666666666666666,"{0: 5.0, 1: 1.5, 2: 1.5}",935
"{0: 0, 1: 0, 2: 0}",1.0,"{0: 3.0, 1: 3.0, 2: 3.0}",936
"{0: 0, 1: 0, 2: 0}",1.0,"{0: 3.0, 1: 3.0, 2: 3.0}",937
"{0: 0, 1: 0, 2: 0}",1.0,"{0: 3.0, 1: 3.0, 2: 3.0}",938
"{0: 0, 1: 0, 2: 0}",1.0,"{0: 3.0, 1: 3.0, 2: 3.0}",939
"{0: 1, 1: 0, 2: 0}",0.6666666666666666,"{0: 5.0, 1: 1.5, 2: 1.5}",940
"{0: 0, 1: 0, 2: 0}",1.0,"{0: 3.0, 1: 3.0, 2: 3.0}",941
"{0: 1, 1: 0, 2: 0}",0.6666666666666666,"{0: 5.0, 1: 1.5, 2: 1.5}",942
"{0: 1, 1: 0, 2: 0}",0.6666666666666666,"{0: 5.0, 1: 1.5, 2: 1.5}",943
"{0: 0, 1: 0, 2: 0}",1.0,"{0: 3.0, 1: 3.0, 2: 3.0}",944
"{0: 1, 1: 0, 2: 0}",0.6666666666666666,"{0: 5.0, 1: 1.5, 2: 1.5}",945
"{0: 0, 1: 0, 2: 0}",1.0,"{0: 3.0, 1: 3.0, 2: 3.0}",946
"{0: 1, 1: 0, 2: 0}",0.6666666666666666,"{0: 5.0, 1: 1.5, 2: 1.5}",947
"{0: 0, 1: 0, 2: 0}",1.0,"{0: 3.0, 1: 3.0, 2: 3.0}",948
"{0: 0, 1: 0, 2: 0}",1.0,"{0: 3.0, 1: 3.0, 2: 3.0}",949
"{0: 1, 1: 0, 2: 0}",0.6666666666666666,"{0: 5.0, 1: 1.5, 2: 1.5}",950
"{0: 0, 1: 0, 2: 0}",1.0,"{0: 3.0, 1: 3.0, 2: 3.0}",951
"{0: 0, 1: 0, 2: 0}",1.0,"{0: 3.0, 1: 3.0, 2: 3.0}",952
"{0: 0, 1: 0, 2: 0}",1.0,"{0: 3.0, 1: 3.0, 2: 3.0}",953
"{0: 1, 1: 0, 2: 0}",0.6666666666666666,"{0: 5.0, 1: 1.5, 2: 1.5}",954
"{0: 0, 1: 0, 2: 0}",1.0,"{0: 3.0, 1: 3.0, 2: 3.0}",955
"{0: 1, 1: 0, 2: 0}",0.6666666666666666,"{0: 5.0, 1: 1.5, 2: 1.5}",956
"{0: 0, 1: 0, 2: 0}",1.0,"{0: 3.0, 1: 3.0, 2: 3.0}",957
"{0: 1, 1: 0, 2: 0}",0.6666666666666666,"{0: 5.0, 1: 1.5, 2: 1.5}",958
"{0: 0, 1: 0, 2: 0}",1.0,"{0: 3.0, 1: 3.0, 2: 3.0}",959
"{0: 0, 1: 0, 2: 0}",1.0,"{0: 3.0, 1: 3.0, 2: 3.0}",960
"{0: 1, 1: 0, 2: 0}",0.6666666666666666,"{0: 5.0, 1: 1.5, 2: 1.5}",961
"{0: 0, 1: 0, 2: 0}",1.0,"{0: 3.0, 1: 3.0, 2: 3.0}",962
"{0: 0, 1: 0, 2: 0}",1.0,"{0: 3.0, 1: 3.0, 2: 3.0}",963
"{0: 1, 1: 0, 2: 0}",0.6666666666666666,"{0: 5.0, 1: 1.5, 2: 1.5}",964
"{0: 0, 1: 0, 2: 0}",1.0,"{0: 3.0, 1: 3.0, 2: 3.0}",965
"{0: 0, 1: 0, 2: 0}",1.0,"{0: 3.0, 1: 3.0, 2: 3.0}",966
"{0: 1, 1: 0, 2: 0}",0.6666666666666666,"{0: 5.0, 1: 1.5, 2: 1.5}",967
"{0: 1, 1: 0, 2: 0}",0.6666666666666666,"{0: 5.0, 1: 1.5, 2: 1.5}",968
"{0: 1, 1: 0, 2: 0}",0.6666666666666666,"{0: 5.0, 1: 1.5, 2: 1.5}",969
"{0: 1, 1: 0, 2: 0}",0.6666666666666666,"{0: 5.0, 1: 1.5, 2: 1.5}",970
"{0: 1, 1: 0, 2: 0}",0.6666666666666666,"{0: 5.0, 1: 1.5, 2: 1.5}",971
"{0: 1, 1: 0, 2: 0}",0.6666666666666666,"{0: 5.0, 1: 1.5, 2: 1.5}",972
"{0: 0, 1: 0, 2: 0}",1.0,"{0: 3.0, 1: 3.0, 2: 3.0}",973
"{0: 1, 1: 0, 2: 0}",0.6666666666666666,"{0: 5.0, 1: 1.5, 2: 1.5}",974
"{0: 0, 1: 0, 2: 0}",1.0,"{0: 3.0, 1: 3.0, 2: 3.0}",975
"{0: 1, 1: 0, 2: 0}",0.6666666666666666,"{0: 5.0, 1: 1.5, 2: 1.5}",976
"{0: 1, 1: 0, 2: 0}",0.6666666666666666,"{0: 5.0, 1: 1.5, 2: 1.5}",977
"{0: 0, 1: 0, 2: 0}",1.0,"{0: 3.0, 1: 3.0, 2: 3.0}",978
"{0: 1, 1: 0, 2: 0}",0.6666666666666666,"{0: 5.0, 1: 1.5, 2: 1.5}",979
"{0: 1, 1: 0, 2: 0}",0.6666666666666666,"{0: 5.0, 1: 1.5, 2: 1.5}",980
"{0: 1, 1: 0, 2: 0}",0.6666666666666666,"{0: 5.0, 1: 1.5, 2: 1.5}",981
"{0: 1, 1: 0, 2: 0}",0.6666666666666666,"{0: 5.0, 1: 1.5, 2: 1.5}",982
"{0: 1, 1: 0, 2: 0}",0.6666666666666666,"{0: 5.0, 1: 1.5, 2: 1.5}",983
"{0: 1, 1: 0, 2: 0}",0.6666666666666666,"{0: 5.0, 1: 1.5, 2: 1.5}",984
"{0: 1, 1: 0, 2: 0}",0.6666666666666666,"{0: 5.0, 1: 1.5, 2: 1.5}",985
"{0: 0, 1: 0, 2: 0}",1.0,"{0: 3.0, 1: 3.0, 2: 3.0}",986
"{0: 1, 1: 0, 2: 0}",0.6666666666666666,"{0: 5.0, 1: 1.5, 2: 1.5}",987
"{0: 1, 1: 0, 2: 0}",0.6666666666666666,"{0: 5.0, 1: 1.5, 2: 1.5}",988
"{0: 1, 1: 0, 2: 0}",0.6666666666666666,"{0: 5.0, 1: 1.5, 2: 1.5}",989
"{0: 1, 1: 0, 2: 0}",0.6666666666666666,"{0: 5.0, 1: 1.5, 2: 1.5}",990
"{0: 1, 1: 0, 2: 0}",0.6666666666666666,"{0: 5.0, 1: 1.5, 2: 1.5}",991
"{0: 0, 1: 0, 2: 0}",1.0,"{0: 3.0, 1: 3.0, 2: 3.0}",992
"{0: 0, 1: 0, 2: 0}",1.0,"{0: 3.0, 1: 3.0, 2: 3.0}",993
"{0: 1, 1: 0, 2: 0}",0.6666666666666666,"{0: 5.0, 1: 1.5, 2: 1.5}",994
"{0: 1, 1: 0, 2: 0}",0.6666666666666666,"{0: 5.0, 1: 1.5, 2: 1.5}",995
"{0: 1, 1: 0, 2: 0}",0.6666666666666666,"{0: 5.0, 1: 1.5, 2: 1.5}",996
"{0: 1, 1: 0, 2: 0}",0.6666666666666666,"{0: 5.0, 1: 1.5, 2: 1.5}",997
"{0: 1, 1: 0, 2: 0}",0.6666666666666666,"{0: 5.0, 1: 1.5, 2: 1.5}",998
"{0: 1, 1: 0, 2: 0}",0.6666666666666666,"{0: 5.0, 1: 1.5, 2: 1.5}",999
